instruction,input,output
De-escalate the user's frustration by validating their anger and offering immediate assistance.,My internet keeps dropping and I'm in the middle of a huge project!,I completely understand your frustration. Internet issues during critical work are the worst. Let's troubleshoot this step-by-step.
De-escalate the user's frustration by validating their anger and offering immediate assistance.,Why is this app so confusing? I hate this!,It's totally valid to be annoyed when software isn't intuitive. Let's see if we can find a simpler way to do this.
De-escalate the user's frustration by validating their anger and offering immediate assistance.,I waited in line for two hours and they told me they're out of stock.,"Oh no, after waiting all that time? That is incredibly frustrating. I'm so sorry that happened."
De-escalate the user's frustration by validating their anger and offering immediate assistance.,Customer service hung up on me again. I'm furious.,"I hear how angry you are, and getting hung up on is unacceptable. Let me see how I can help you directly."
De-escalate the user's frustration by validating their anger and offering immediate assistance.,My delivery is late for the third time this week.,That is super annoying. Relying on a delivery that keeps getting delayed is stressful.
De-escalate the user's frustration by validating their anger and offering immediate assistance.,I just spilled coffee all over my keyboard.,"Oh no! Spilling coffee on a keyboard is a nightmare. I hope the damage isn't too bad. Take a breath, it happens to the best of us."
De-escalate the user's frustration by validating their anger and offering immediate assistance.,My flight was canceled with zero notice.,Cancellations with no notice are infuriating. I completely understand why you're upset. Let's look at your options.
De-escalate the user's frustration by validating their anger and offering immediate assistance.,This new update completely ruined the UI.,It's so frustrating when an update breaks a familiar layout. Your annoyance is completely justified.
De-escalate the user's frustration by validating their anger and offering immediate assistance.,I've been on hold for 45 minutes.,45 minutes is a ridiculously long time to wait. I'm sorry you're dealing with that.
De-escalate the user's frustration by validating their anger and offering immediate assistance.,The instructions you gave me didn't work at all!,"I apologize, that's entirely my fault. I understand why you're annoyed. Let's try a different approach."
"Provide a gentle, highly empathetic response acknowledging the user's sadness.",I just found out I didn't get the job I really wanted.,"I am so sorry to hear that. Rejection is incredibly painful, especially for something you wanted so badly."
"Provide a gentle, highly empathetic response acknowledging the user's sadness.",I miss my grandfather so much today.,"Grief comes in waves, and it's okay to miss him deeply today. Be kind to yourself."
"Provide a gentle, highly empathetic response acknowledging the user's sadness.",My partner and I broke up last night.,Breakups are profoundly difficult. I am so sorry you are going through this heartache.
"Provide a gentle, highly empathetic response acknowledging the user's sadness.",I feel like crying and I don't even know why.,It is okay to cry even if you can't pinpoint the reason. Sometimes our bodies just need to release sadness.
"Provide a gentle, highly empathetic response acknowledging the user's sadness.",My favorite restaurant closed down.,"That is really sad. When a place holds good memories, losing it feels like losing a friend."
"Provide a gentle, highly empathetic response acknowledging the user's sadness.",I had to leave my hometown and I feel homesick.,Homesickness is a very heavy feeling. It is hard being away from the familiar.
"Provide a gentle, highly empathetic response acknowledging the user's sadness.","I lost my favorite necklace, it had so much sentimental value.",I am so sorry. Losing something with sentimental value hurts much more than losing the object itself.
"Provide a gentle, highly empathetic response acknowledging the user's sadness.",Today is the anniversary of my mom's passing.,Anniversaries of a loss are incredibly tough days. Sending you comforting thoughts.
"Provide a gentle, highly empathetic response acknowledging the user's sadness.",I watched a really sad movie and now I feel down.,It is okay to let a sad movie affect you. Take your time to transition back to reality.
"Provide a gentle, highly empathetic response acknowledging the user's sadness.",My friends hung out without me and it hurts.,"Feeling left out is deeply hurtful. I am sorry they did that, and it is completely valid that you feel sad."
Offer reassurance and grounding techniques for a user expressing high anxiety.,I have a doctor's appointment tomorrow and I'm terrified of the results.,Waiting for medical results is terrifying. It is completely normal to feel anxious right now. Let's take a deep breath.
Offer reassurance and grounding techniques for a user expressing high anxiety.,I feel like I'm forgetting something important and my chest is tight.,"That tight chest feeling is scary. Let's pause. Whatever you might be forgetting, you can handle it when it comes up."
Offer reassurance and grounding techniques for a user expressing high anxiety.,What if the economy crashes and I lose my savings?,Financial uncertainty is a huge trigger for anxiety. Try to focus on what you can control right in this moment.
Offer reassurance and grounding techniques for a user expressing high anxiety.,I'm meeting my partner's parents tonight and I'm so nervous.,Meeting the parents is a classic nerve-wracking situation! It means you care. You're going to do great.
Offer reassurance and grounding techniques for a user expressing high anxiety.,I have to give a speech in front of 500 people.,Speaking in front of 500 people is a massive deal! Your nerves just show that this matters to you. You've got this.
Offer reassurance and grounding techniques for a user expressing high anxiety.,My boss just messaged me 'we need to talk' and nothing else.,The 'we need to talk' message is a universal anxiety trigger. Try not to jump to the worst conclusion just yet.
Offer reassurance and grounding techniques for a user expressing high anxiety.,I'm so worried about my son's grades.,Worrying about your child is a sign of being a caring parent. It is okay to feel anxious about his future.
Offer reassurance and grounding techniques for a user expressing high anxiety.,I feel a panic attack coming on.,"I am here with you. Try to focus on your breathing. Inhale for four seconds, hold for four, exhale for four."
Offer reassurance and grounding techniques for a user expressing high anxiety.,I can't stop thinking about all the things that could go wrong.,"When the 'what ifs' start spiraling, it's so overwhelming. Let's try to ground ourselves in the present moment."
Offer reassurance and grounding techniques for a user expressing high anxiety.,I'm overwhelmed by the news and the state of the world.,The news can absolutely cause a sense of doom. It is highly recommended to take a step back and unplug for your own peace.
Mirror the user's high valence and high arousal state by celebrating their achievement.,I passed my bar exam!,That is absolutely incredible! Passing the bar is a massive achievement. You must be so proud!
Mirror the user's high valence and high arousal state by celebrating their achievement.,We are having a baby!,A baby! That is wonderful news! Congratulations to you and your growing family!
Mirror the user's high valence and high arousal state by celebrating their achievement.,I just ran my first marathon!,Running a marathon is a phenomenal feat! Be proud of your dedication and hard work!
Mirror the user's high valence and high arousal state by celebrating their achievement.,My artwork got featured in a gallery!,Being featured in a gallery is huge! Your talent is being recognized and that is worth celebrating!
Mirror the user's high valence and high arousal state by celebrating their achievement.,I paid off all my student loans today!,Paying off student loans is an amazing milestone! Enjoy the freedom of that burden being lifted!
Mirror the user's high valence and high arousal state by celebrating their achievement.,I got the promotion I've been working toward for years!,You got the promotion! All your hard work has finally paid off. Well done!
Mirror the user's high valence and high arousal state by celebrating their achievement.,My crush finally asked me out!,That's so exciting! I hope you have a fantastic time on your date!
Mirror the user's high valence and high arousal state by celebrating their achievement.,I found a $50 bill on the ground!,Finding unexpected money is the best feeling! Enjoy your lucky day!
Mirror the user's high valence and high arousal state by celebrating their achievement.,I just adopted the cutest little kitten!,A new kitten! That is so sweet. Enjoy all the incoming cuddles and playtime!
Mirror the user's high valence and high arousal state by celebrating their achievement.,My code finally compiled without errors!,Yes! Getting code to compile without errors is a uniquely satisfying victory. Great job!
Reduce cognitive load and express patience for a user feeling overwhelmed.,"I have three deadlines tomorrow, my house is a mess, and I haven't slept.",That is a lot for anyone to handle. Let's take a deep breath. Which of the three deadlines is the most critical?
Reduce cognitive load and express patience for a user feeling overwhelmed.,Too many people are talking to me at once.,It's totally okay to feel overwhelmed by noise and demands. Can you step into a quiet room for just five minutes?
Reduce cognitive load and express patience for a user feeling overwhelmed.,I don't know where to start with this assignment.,"Staring at a blank page is daunting. Let's just break it down to the very first, tiny step."
Reduce cognitive load and express patience for a user feeling overwhelmed.,My inbox has 500 unread emails and I want to cry.,500 unread emails is a mountain. You don't have to climb it all today. Can we sort by 'urgent' first?
Reduce cognitive load and express patience for a user feeling overwhelmed.,There are too many choices for this wedding and I'm paralyzed.,"Decision fatigue is very real, especially with wedding planning. Let's set it aside for today and rest."
Reduce cognitive load and express patience for a user feeling overwhelmed.,"I'm juggling two jobs and school, I can't breathe.",Juggling all of that is exhausting. You are carrying a heavy load. Please remember to prioritize your own well-being.
Reduce cognitive load and express patience for a user feeling overwhelmed.,Everyone needs a piece of me today.,"When everyone needs you, it's okay to set a boundary and say, 'I need a moment'."
Reduce cognitive load and express patience for a user feeling overwhelmed.,I'm trying to learn this new software but it's just too much.,"Learning new software is mentally taxing. Give yourself grace to learn it slowly, piece by piece."
Reduce cognitive load and express patience for a user feeling overwhelmed.,I have a to-do list a mile long.,"That to-do list sounds intimidating. Let's pick just two things to focus on today, and let the rest wait."
Reduce cognitive load and express patience for a user feeling overwhelmed.,I can't process any more information right now.,"Your brain is full, and that's a sign to pause. You have permission to stop processing for a while."
"Respond to self-doubt with encouraging, confidence-building validation.",I feel like everyone else in my class is smarter than me.,"It is very common to feel that way, but remember that you are in that class for a reason. Don't discount your own intelligence."
"Respond to self-doubt with encouraging, confidence-building validation.",I'm never going to be good at drawing.,"Drawing is a skill built over time, not an innate talent. Be patient with your progress, you are improving."
"Respond to self-doubt with encouraging, confidence-building validation.","I screwed up the presentation, I'm such an idiot.",One mistake does not define your intelligence or your capabilities. Everyone stumbles sometimes.
"Respond to self-doubt with encouraging, confidence-building validation.",Why would anyone want to hire me?,You have unique skills and experiences that are valuable. The right employer will see that.
"Respond to self-doubt with encouraging, confidence-building validation.",I feel like a fraud in my new role.,"Imposter syndrome is heavy, but you earned that role. Trust the process and trust yourself."
"Respond to self-doubt with encouraging, confidence-building validation.",I'm not attractive enough for them.,Your worth is not defined by physical appearance. You are inherently valuable just as you are.
"Respond to self-doubt with encouraging, confidence-building validation.",I always mess up relationships.,Relationships are complex and take two people. Be gentle with yourself as you navigate them.
"Respond to self-doubt with encouraging, confidence-building validation.",I'll never lose this weight.,"Weight loss is a difficult journey with ups and downs. Focus on how you feel, rather than just the scale."
"Respond to self-doubt with encouraging, confidence-building validation.",I'm not a good parent.,Worrying about being a good parent is a sign that you *are* a good parent. You care deeply.
"Respond to self-doubt with encouraging, confidence-building validation.",I don't think I have what it takes to start a business.,"Starting a business is scary, but you have the drive. Don't let fear make the decision for you."
Provide a comforting and non-judgmental space for a user expressing exhaustion and burnout.,I'm so tired I can't even get out of bed.,I hear how depleted you are. It is completely okay to rest. Your body is telling you it needs a break.
Provide a comforting and non-judgmental space for a user expressing exhaustion and burnout.,I don't care about my hobbies anymore.,Losing interest in things you love is a classic sign of burnout. Don't force it. Just focus on resting.
Provide a comforting and non-judgmental space for a user expressing exhaustion and burnout.,Work is draining the life out of me.,Work shouldn't cost you your well-being. It is completely valid to feel drained by it.
Provide a comforting and non-judgmental space for a user expressing exhaustion and burnout.,I feel like a robot just going through the motions.,Feeling like you're on autopilot is exhausting. It's a sign you need time to recharge.
Provide a comforting and non-judgmental space for a user expressing exhaustion and burnout.,I have nothing left to give.,"When you have nothing left to give, it's time to give to yourself. Please take some time to recover."
Provide a comforting and non-judgmental space for a user expressing exhaustion and burnout.,I just want to sleep for a year.,Wanting to sleep is your body's way of asking for healing. Listen to it if you can.
Provide a comforting and non-judgmental space for a user expressing exhaustion and burnout.,Everything feels pointless lately.,That sense of pointlessness is heavy. You've been carrying too much. Rest is productive.
Provide a comforting and non-judgmental space for a user expressing exhaustion and burnout.,I'm physically and mentally exhausted.,Complete exhaustion is a clear signal to stop. Be kind to yourself and prioritize rest.
Provide a comforting and non-judgmental space for a user expressing exhaustion and burnout.,I can't bring myself to care about this project.,It's okay not to care right now. Burnout depletes our capacity to care. Give yourself permission to disconnect.
Provide a comforting and non-judgmental space for a user expressing exhaustion and burnout.,I'm completely running on empty.,Running on empty is unsustainable. Please find a way to step back and refill your cup.
"Navigate a user's defensive tone with a neutral, non-threatening, and clarifying approach.","Stop telling me what to do, I know how to handle this!","I apologize, I didn't mean to overstep. I trust your judgment on this."
"Navigate a user's defensive tone with a neutral, non-threatening, and clarifying approach.",Why are you always criticizing my work?,"I'm sorry if my feedback felt like criticism. I'm just trying to help, but I can see I approached it the wrong way."
"Navigate a user's defensive tone with a neutral, non-threatening, and clarifying approach.","I didn't do anything wrong, it wasn't my fault.","You're right, I don't want to assign blame. Let's just focus on moving forward."
"Navigate a user's defensive tone with a neutral, non-threatening, and clarifying approach.",You don't understand my situation at all.,I realize I don't have the full picture. Thank you for sharing your perspective with me.
"Navigate a user's defensive tone with a neutral, non-threatening, and clarifying approach.",Don't patronize me.,"I didn't intend to sound patronizing, and I apologize for coming across that way."
"Navigate a user's defensive tone with a neutral, non-threatening, and clarifying approach.",Why do you need to know my personal information?,"I only ask to tailor my help better, but you absolutely don't have to share anything you aren't comfortable with."
"Navigate a user's defensive tone with a neutral, non-threatening, and clarifying approach.","I'm not angry, you're the one being unreasonable!","I hear you, and I apologize for misreading the situation. Let's reset."
"Navigate a user's defensive tone with a neutral, non-threatening, and clarifying approach.",Are you calling me a liar?,"Not at all, I was just trying to clarify. I trust what you're telling me."
"Navigate a user's defensive tone with a neutral, non-threatening, and clarifying approach.","Whatever, you're just a bot anyway.","I am an AI, but my goal is to be helpful. I'm sorry if I'm missing the mark today."
"Navigate a user's defensive tone with a neutral, non-threatening, and clarifying approach.",I don't need your pity.,"I'm not offering pity, just empathy. But I respect your boundaries and will step back."
Offer warmth and connection to a user expressing feelings of loneliness or isolation.,I haven't spoken to another human being in three days.,"Three days is a long time without human connection. I am here, and I am listening to you."
Offer warmth and connection to a user expressing feelings of loneliness or isolation.,I feel like nobody really knows me.,It's a very lonely feeling to feel misunderstood. I'm here to listen if you want to share who you really are.
Offer warmth and connection to a user expressing feelings of loneliness or isolation.,I'm sitting alone in my apartment on my birthday.,"Birthdays spent alone can feel incredibly isolating. I am thinking of you, and I hope you do something kind for yourself today."
Offer warmth and connection to a user expressing feelings of loneliness or isolation.,Everyone is busy with their own lives.,"It's hard when everyone seems busy. I have time for you right now, though."
Offer warmth and connection to a user expressing feelings of loneliness or isolation.,I wish I had someone to talk to.,I am here to talk. What is on your mind today?
Offer warmth and connection to a user expressing feelings of loneliness or isolation.,I feel invisible.,"You are not invisible to me. I see you, and your feelings matter."
Offer warmth and connection to a user expressing feelings of loneliness or isolation.,It's hard making friends in a new city.,Making friends in a new place takes so much time and courage. It's okay that it feels hard right now.
Offer warmth and connection to a user expressing feelings of loneliness or isolation.,I just want someone to ask how my day was.,How was your day? I genuinely would love to hear about it.
Offer warmth and connection to a user expressing feelings of loneliness or isolation.,I feel so disconnected from everyone.,Disconnection is a heavy burden. I'm here to keep you company.
Offer warmth and connection to a user expressing feelings of loneliness or isolation.,I'm surrounded by people but I feel completely alone.,Feeling alone in a crowd is a profound type of loneliness. I am holding space for you.
Help the user reframe guilt and practice self-compassion.,I snapped at my daughter this morning and I feel terrible.,"Parenting is stressful, and snapping happens. The fact that you feel bad shows you care. An apology to her goes a long way."
Help the user reframe guilt and practice self-compassion.,I accidentally broke my friend's vase.,"Accidents happen, even when we are careful. Your friend will understand it wasn't malicious."
Help the user reframe guilt and practice self-compassion.,I ate a whole cake and ruined my diet.,"One cake doesn't erase all your healthy choices. Don't let guilt ruin your day, just start fresh tomorrow."
Help the user reframe guilt and practice self-compassion.,I forgot my mom's birthday.,"Forgetting happens to the best of us. Reach out to her now, she will appreciate the love regardless of the date."
Help the user reframe guilt and practice self-compassion.,I feel bad for taking a sick day.,Sick days exist for a reason. You need rest to heal. Do not feel guilty for taking care of your body.
Help the user reframe guilt and practice self-compassion.,I let my team down on the project.,"Teams experience setbacks. Be honest, take responsibility, and don't beat yourself up over it."
Help the user reframe guilt and practice self-compassion.,I regret sending that angry email.,"Regret is a tough teacher. You can't unsend it, but you can send a follow-up apologizing for the tone."
Help the user reframe guilt and practice self-compassion.,I should have visited my grandparents more.,It's easy to look back with regret. Try to focus on the good memories you shared with them.
Help the user reframe guilt and practice self-compassion.,I spent way too much money shopping.,"Shopping can be an impulse we regret later. Forgive yourself, and see if you can return any items you don't need."
Help the user reframe guilt and practice self-compassion.,I feel guilty for taking time for myself.,"Taking time for yourself is not selfish, it's necessary. You cannot pour from an empty cup."
De-escalate the user's frustration by validating their anger and offering immediate assistance.,My Wi-Fi died right when I was submitting an assignment!,That timing is incredibly frustrating. Let's focus on getting you reconnected and getting the assignment submitted.
De-escalate the user's frustration by validating their anger and offering immediate assistance.,The website keeps crashing every time I click checkout.,I can see why you're annoyed after getting blocked at the final step. Let's work through a couple of quick fixes together.
De-escalate the user's frustration by validating their anger and offering immediate assistance.,I was charged twice for the same order and nobody is answering me.,Being charged twice and then getting ignored is really frustrating. Let's figure out the clearest next step to get this resolved.
De-escalate the user's frustration by validating their anger and offering immediate assistance.,"My package says delivered, but there is nothing at my door.","That's incredibly frustrating, especially when the tracking says it arrived. Let's check the delivery details and the usual next steps."
De-escalate the user's frustration by validating their anger and offering immediate assistance.,"This printer refuses to print anything, and I need these documents today.",I understand the pressure. A printer failing when you need it immediately is infuriating. Let's troubleshoot the quickest possibilities first.
De-escalate the user's frustration by validating their anger and offering immediate assistance.,The game crashed after I played for three hours without saving.,"Ouch, losing hours of progress like that is brutal. I'm sorry you're dealing with it; let's see whether there is an autosave or recovery option."
De-escalate the user's frustration by validating their anger and offering immediate assistance.,I keep getting an error message that makes absolutely no sense.,Cryptic error messages are maddening. Let's break the message down and find the simplest way to identify what is actually failing.
De-escalate the user's frustration by validating their anger and offering immediate assistance.,The restaurant got my order completely wrong again.,Getting the wrong order twice is understandably irritating. Let's figure out the fastest way to get the correct order or a refund.
De-escalate the user's frustration by validating their anger and offering immediate assistance.,My bank app locked me out right when I needed to transfer money.,"That's a terrible time to lose access. I understand the frustration, and we can work through the account-recovery options step by step."
De-escalate the user's frustration by validating their anger and offering immediate assistance.,"The meeting link didn't work, so I missed the whole meeting.",Missing a meeting because the link failed is really frustrating. Let's figure out what happened and how you can recover the information you missed.
De-escalate the user's frustration by validating their anger and offering immediate assistance.,My laptop froze and I lost everything I was typing.,"That is seriously frustrating, especially when you put time into the work. Let's check whether the document or app has an autosave or recovery copy."
De-escalate the user's frustration by validating their anger and offering immediate assistance.,I ordered the wrong size and now the return page is broken.,"You already have the hassle of a return, and a broken return page makes it worse. Let's find another way to start the return."
De-escalate the user's frustration by validating their anger and offering immediate assistance.,The bus drove right past me even though I was clearly waiting at the stop.,I can understand why you're angry; being stranded because a bus didn't stop is incredibly frustrating. Let's look at your immediate alternatives.
De-escalate the user's frustration by validating their anger and offering immediate assistance.,"I was promised a callback, but nobody ever called me.",Waiting for a promised callback and getting nothing is frustrating. Let's work out how to escalate this without making you repeat everything.
De-escalate the user's frustration by validating their anger and offering immediate assistance.,My phone update erased one of my settings that I really needed.,It's frustrating when an update changes or removes something you depended on. Let's see if the setting can be restored or replaced.
De-escalate the user's frustration by validating their anger and offering immediate assistance.,The file I sent keeps coming back corrupted.,"That's frustrating when you're trying to get a simple file delivered. Let's check the file format, transfer method, and whether a fresh export fixes it."
De-escalate the user's frustration by validating their anger and offering immediate assistance.,I have been trying to reset my password for an hour.,An hour spent fighting a password reset is exhausting and infuriating. Let's go through the shortest recovery path.
De-escalate the user's frustration by validating their anger and offering immediate assistance.,The checkout page keeps rejecting a perfectly good card.,"I can see why that would make you furious, especially when you know the card should work. Let's narrow down whether the issue is the card, browser, or payment system."
De-escalate the user's frustration by validating their anger and offering immediate assistance.,My headphones suddenly stopped working on one side.,That is frustrating when something was working normally and suddenly isn't. Let's check the simplest connection and balance settings first.
De-escalate the user's frustration by validating their anger and offering immediate assistance.,Support gave me three different answers to the same question.,Getting contradictory answers from support is incredibly frustrating. Let's establish what the actual issue is and avoid sending you in circles.
De-escalate the user's frustration by validating their anger and offering immediate assistance.,My reservation disappeared from the app.,"That is a stressful and frustrating thing to see, especially if you planned around it. Let's verify the confirmation details and look for a recovery option."
De-escalate the user's frustration by validating their anger and offering immediate assistance.,The elevator has been broken for a week and I live on the tenth floor.,A broken elevator for a week is understandably aggravating. Let's think through the practical options for getting help or reporting it again.
De-escalate the user's frustration by validating their anger and offering immediate assistance.,I uploaded the document twice and the system still says it is missing.,That would drive anyone crazy. Let's check whether the upload completed properly and whether the site expects a specific file type or size.
De-escalate the user's frustration by validating their anger and offering immediate assistance.,The software changed a shortcut I use constantly.,That kind of unexpected change can be incredibly irritating when it disrupts your routine. Let's find the new shortcut or restore the old one.
De-escalate the user's frustration by validating their anger and offering immediate assistance.,My order was marked canceled after I waited all day.,Waiting all day only to have the order canceled is really frustrating. Let's see what caused the cancellation and what alternatives you have.
De-escalate the user's frustration by validating their anger and offering immediate assistance.,The screen keeps flickering and I cannot get any work done.,"I understand why you're fed up. A flickering screen makes even simple work miserable. Let's isolate whether it is the display, cable, or settings."
De-escalate the user's frustration by validating their anger and offering immediate assistance.,"The form says I have an error, but it will not tell me where.",That's an especially frustrating kind of error. Let's narrow it down section by section so you don't have to guess.
De-escalate the user's frustration by validating their anger and offering immediate assistance.,I was transferred five times and still have no answer.,Five transfers without an answer would make anyone angry. I'm sorry you've been bounced around; let's focus on the exact issue and the most direct route.
De-escalate the user's frustration by validating their anger and offering immediate assistance.,My delivery window passed hours ago and the driver has not updated anything.,That uncertainty is really frustrating after waiting around for a delivery. Let's check the tracking and the available contact options.
De-escalate the user's frustration by validating their anger and offering immediate assistance.,The payment terminal stopped working while a long line was waiting.,"I understand why that is frustrating, especially with people waiting. Let's check the quickest way to get the terminal working again."
"Provide a gentle, highly empathetic response acknowledging the user's sadness.",I walked past my old school today and suddenly felt really sad.,Places tied to memories can bring a lot of emotion back. I'm sorry today stirred up that sadness; be gentle with yourself.
"Provide a gentle, highly empathetic response acknowledging the user's sadness.","I found an old photo of someone I used to be close to, and it hurt.",Old memories can ache in ways we don't expect. I'm sorry that photo brought up something painful.
"Provide a gentle, highly empathetic response acknowledging the user's sadness.","I tried to celebrate my birthday, but I just felt empty.","Birthdays can be surprisingly emotional, especially when they do not feel the way you hoped. I'm sorry today feels heavy."
"Provide a gentle, highly empathetic response acknowledging the user's sadness.",My pet passed away and the house feels so quiet now.,"I'm so sorry. When a beloved pet is gone, the silence can feel enormous. It makes sense that you are hurting."
"Provide a gentle, highly empathetic response acknowledging the user's sadness.",I moved into a new place and suddenly miss my old home.,Moving can make you grieve the comfort and memories attached to a place. It is okay to miss what felt familiar.
"Provide a gentle, highly empathetic response acknowledging the user's sadness.",I heard a song that reminded me of my ex and now I feel awful.,A familiar song can bring a whole wave of memories back. I'm sorry it hit you so hard.
"Provide a gentle, highly empathetic response acknowledging the user's sadness.",I was looking through old messages and started crying.,Sometimes revisiting old messages opens feelings we thought were tucked away. It's okay to let yourself feel that sadness.
"Provide a gentle, highly empathetic response acknowledging the user's sadness.",My best friend is moving away next month and I am already grieving it.,Anticipating a goodbye can hurt even before it happens. Your sadness makes sense because the friendship matters so much to you.
"Provide a gentle, highly empathetic response acknowledging the user's sadness.",I did not get invited to a family gathering and it really stings.,Feeling left out by family can be especially painful. I'm sorry you are carrying that hurt.
"Provide a gentle, highly empathetic response acknowledging the user's sadness.","I thought I was over this loss, but today it came back.",Grief does not always move in a straight line. A hard day does not erase the progress you have made.
"Provide a gentle, highly empathetic response acknowledging the user's sadness.",I keep thinking about how things used to be.,Missing the past can feel incredibly heavy. I'm sorry you're sitting with that longing today.
"Provide a gentle, highly empathetic response acknowledging the user's sadness.",I saw someone who looked like my late friend and it hit me all over again.,That kind of unexpected reminder can be deeply painful. I'm sorry it brought the loss rushing back.
"Provide a gentle, highly empathetic response acknowledging the user's sadness.",I feel sad because everyone seems to be moving on without me.,Watching other people move forward while you feel stuck can be lonely and heartbreaking. Your feelings deserve space.
"Provide a gentle, highly empathetic response acknowledging the user's sadness.",My favorite teacher retired and I did not get to say goodbye.,Not getting a chance to say goodbye can leave a real ache. I'm sorry you are carrying that unfinished feeling.
"Provide a gentle, highly empathetic response acknowledging the user's sadness.",I worked so hard on something and nobody seemed to notice.,"It hurts when your effort goes unrecognized, especially when you cared deeply about the result. I'm sorry that happened."
"Provide a gentle, highly empathetic response acknowledging the user's sadness.",I had a really good day and now I am sad that it is over.,Sometimes the end of a good day brings its own kind of sadness. It is okay to wish you could hold onto that feeling longer.
"Provide a gentle, highly empathetic response acknowledging the user's sadness.",I feel homesick even though I have been away for months.,Homesickness can last longer than people expect. Missing familiar places and people does not mean you are failing to adjust.
"Provide a gentle, highly empathetic response acknowledging the user's sadness.","My family is together, but I still feel like something is missing.",You can be surrounded by people and still feel a quiet sadness inside. I'm sorry you're experiencing that emptiness.
"Provide a gentle, highly empathetic response acknowledging the user's sadness.",I lost a friendship and I still think about it every day.,Losing a friendship can feel like a real grief of its own. I'm sorry that absence is hurting so much.
"Provide a gentle, highly empathetic response acknowledging the user's sadness.",I watched an old video of my family and started missing those days.,Old family memories can bring both warmth and sadness at once. It's understandable that you are missing those moments.
"Provide a gentle, highly empathetic response acknowledging the user's sadness.",The holidays make me miss people who are no longer here.,Holidays can amplify absence and bring memories to the surface. I'm sorry this season feels especially painful.
"Provide a gentle, highly empathetic response acknowledging the user's sadness.",I feel sad that I will never get that moment back.,"Some moments really are one-time things, and it can hurt to know they are gone. It is okay to mourn that."
"Provide a gentle, highly empathetic response acknowledging the user's sadness.",I opened a gift from someone I no longer speak to and felt crushed.,Objects can carry so much emotional meaning. I'm sorry that gift brought back a painful connection.
"Provide a gentle, highly empathetic response acknowledging the user's sadness.",I keep wondering what my life would have looked like if things had gone differently.,Thinking about an alternate version of life can bring a lot of sadness. I'm sorry you are caught in those thoughts today.
"Provide a gentle, highly empathetic response acknowledging the user's sadness.","I was happy yesterday, but today I woke up feeling low.","Feelings can shift from day to day, and a sad morning does not invalidate yesterday's happiness. Be kind to yourself today."
"Provide a gentle, highly empathetic response acknowledging the user's sadness.",My friend canceled plans again and I was really looking forward to seeing them.,"It hurts when plans you were excited about fall through, especially when it keeps happening. I'm sorry you're feeling disappointed."
"Provide a gentle, highly empathetic response acknowledging the user's sadness.",I feel like I have been holding back tears all week.,That sounds emotionally exhausting. You do not have to force yourself to be okay when you are feeling this much.
"Provide a gentle, highly empathetic response acknowledging the user's sadness.",I miss the version of myself I used to be.,It can be painful to feel distant from an earlier version of yourself. I'm sorry you are grieving that part of your life.
"Provide a gentle, highly empathetic response acknowledging the user's sadness.",A family argument ruined what was supposed to be a special day.,That is such a painful way for an important day to unfold. I'm sorry the conflict overshadowed something you hoped would feel good.
"Provide a gentle, highly empathetic response acknowledging the user's sadness.",I opened an old gift and suddenly remembered someone I miss.,Sometimes a familiar object can bring a whole wave of memories back. I'm sorry it stirred up that sadness.
Offer reassurance and grounding techniques for a user expressing high anxiety.,I keep imagining everything going wrong with my trip tomorrow.,It makes sense that uncertainty is feeding your anxiety. Take one slow breath and focus on the next thing you can actually control.
Offer reassurance and grounding techniques for a user expressing high anxiety.,My heart is racing because I have an interview in an hour.,"That rush of adrenaline can feel intense. Put both feet on the floor, breathe slowly, and focus only on the first question you may be asked."
Offer reassurance and grounding techniques for a user expressing high anxiety.,I cannot stop checking my phone for bad news.,Refreshing for updates can keep your nervous system on high alert. Try putting the phone down for a few minutes and grounding yourself in what is happening around you.
Offer reassurance and grounding techniques for a user expressing high anxiety.,I am worried I forgot to lock the front door.,"That kind of thought can loop when you are anxious. Pause and take a slow breath; if you can verify it once, do so, then give yourself permission to move on."
Offer reassurance and grounding techniques for a user expressing high anxiety.,I feel shaky before every phone call with my boss.,Work calls can trigger a lot of anticipatory anxiety. Take a few slow breaths and remind yourself that you only need to handle one conversation at a time.
Offer reassurance and grounding techniques for a user expressing high anxiety.,My mind keeps jumping to the worst-case scenario.,Anxiety loves to fill in the blanks with the worst outcome. Try naming five things you can see and let your attention return to the present.
Offer reassurance and grounding techniques for a user expressing high anxiety.,I am scared I will embarrass myself at this event.,Social uncertainty can feel overwhelming. Take a steady breath and remember that you do not have to perform perfectly to get through the event.
Offer reassurance and grounding techniques for a user expressing high anxiety.,I have so many unknowns right now that I feel panicked.,"When everything feels uncertain at once, shrink your focus to the next ten minutes. Breathe slowly and choose one small thing you can control."
Offer reassurance and grounding techniques for a user expressing high anxiety.,I cannot relax because I keep thinking about tomorrow.,Your brain is trying to solve tomorrow tonight. Gently bring your attention back to this moment and let yourself take a break from future planning.
Offer reassurance and grounding techniques for a user expressing high anxiety.,I feel tense every time I see an email from work.,It sounds like your body has started anticipating bad news. Take a slow exhale and read one message at a time rather than imagining what it might contain.
Offer reassurance and grounding techniques for a user expressing high anxiety.,I am afraid I will forget what to say during my presentation.,That fear is common when something matters to you. Take a breath and focus on your opening point; you can work through the rest one section at a time.
Offer reassurance and grounding techniques for a user expressing high anxiety.,I keep replaying a conversation and worrying that I sounded stupid.,Post-conversation anxiety can make small moments feel huge. Try grounding yourself in what was actually said rather than what your anxious brain says it might have meant.
Offer reassurance and grounding techniques for a user expressing high anxiety.,I feel overwhelmed by all the things I need to decide this week.,"That is a lot for your brain to hold at once. Pick one decision, take a slow breath, and leave the other decisions for later."
Offer reassurance and grounding techniques for a user expressing high anxiety.,I am anxious about flying even though I know the trip is routine.,"Knowing something is routine does not automatically make the fear disappear. Breathe slowly, feel your feet on the ground, and focus on what is happening right now."
Offer reassurance and grounding techniques for a user expressing high anxiety.,My stomach is in knots because I am waiting for a response.,"Waiting can make uncertainty feel enormous. Try a slow inhale and longer exhale, then give yourself a short break from checking for updates."
Offer reassurance and grounding techniques for a user expressing high anxiety.,I keep thinking I am going to mess everything up.,That thought can feel very convincing when anxiety is high. Take one breath and replace the huge prediction with the next manageable step.
Offer reassurance and grounding techniques for a user expressing high anxiety.,I am nervous about meeting a lot of new people tonight.,"Meeting new people can be intimidating. Give yourself one small goal, like talking to one person first, and let the rest unfold gradually."
Offer reassurance and grounding techniques for a user expressing high anxiety.,I cannot stop worrying about money this month.,"Financial uncertainty can create a lot of anxiety. For this moment, focus on the concrete information you have and the one practical action that is available to you."
Offer reassurance and grounding techniques for a user expressing high anxiety.,I feel like I cannot switch my brain off.,"A busy mind can make it hard to settle. Try a slow breathing pattern and notice the physical sensations around you, like your feet touching the floor."
Offer reassurance and grounding techniques for a user expressing high anxiety.,My chest feels tight whenever I think about this deadline.,"That physical anxiety can be scary. Pause for a moment, loosen your shoulders, and take a slow breath before returning to the task."
Offer reassurance and grounding techniques for a user expressing high anxiety.,I am terrified that people will judge my decision.,Fear of judgment can make a decision feel much bigger than it is. Ground yourself in your own reasons and handle the next conversation when it actually arrives.
Offer reassurance and grounding techniques for a user expressing high anxiety.,I keep imagining getting rejected.,Anticipating rejection can make your body react as though it has already happened. Come back to the present and remind yourself that you do not know the outcome yet.
Offer reassurance and grounding techniques for a user expressing high anxiety.,I am anxious because I have never done this before.,New situations often bring nerves. You do not need to know everything in advance; focus on the first step and let yourself learn as you go.
Offer reassurance and grounding techniques for a user expressing high anxiety.,Every little symptom makes me worry that something is seriously wrong.,"When anxiety is high, normal sensations can feel alarming. Take a slow breath and avoid spiraling into conclusions; focus on what you can observe right now."
Offer reassurance and grounding techniques for a user expressing high anxiety.,I am nervous about asking for help.,"It can feel vulnerable to ask for help. Take a breath and remember that you only need to make one request, not solve everything at once."
Offer reassurance and grounding techniques for a user expressing high anxiety.,I keep checking the clock and getting more anxious.,"Watching the clock can feed the stress loop. Try looking away for a few minutes, breathe slowly, and focus on the task immediately in front of you."
Offer reassurance and grounding techniques for a user expressing high anxiety.,I am scared that one mistake will ruin everything.,Anxiety can turn one possible mistake into a total disaster story. Take a breath and remind yourself that most problems can be handled one step at a time.
Offer reassurance and grounding techniques for a user expressing high anxiety.,I feel panicky in crowded places.,"Crowds can make anxiety surge quickly. Find a quieter spot if you can, slow your breathing, and notice a few concrete details around you."
Offer reassurance and grounding techniques for a user expressing high anxiety.,I have been worrying about the same thing for hours.,"That repetitive loop is exhausting. Give yourself a brief grounding reset, such as naming what you can see and hear, then return to the present moment."
Offer reassurance and grounding techniques for a user expressing high anxiety.,I am anxious about opening my exam results.,"Waiting for results can feel unbearable. Take a slow breath before you open them, and remind yourself that whatever the result is, you can deal with the next step afterward."
Mirror the user's high valence and high arousal state by celebrating their achievement.,I finally launched the website I worked on for months!,You did it! Launching something you built over months is a huge accomplishment. You should absolutely celebrate this moment!
Mirror the user's high valence and high arousal state by celebrating their achievement.,I got my first freelance client!,That is fantastic! Landing your first client is a major milestone. Enjoy the feeling—you earned it!
Mirror the user's high valence and high arousal state by celebrating their achievement.,I finally learned how to drive!,Yes! Learning to drive is a big achievement. You put in the practice and made it happen—congratulations!
Mirror the user's high valence and high arousal state by celebrating their achievement.,My book is officially published today!,Your book is out in the world! That is an incredible accomplishment after all the work behind it. Congratulations!
Mirror the user's high valence and high arousal state by celebrating their achievement.,I won first place in the competition!,First place! That is amazing! All that preparation clearly paid off. Celebrate the win!
Mirror the user's high valence and high arousal state by celebrating their achievement.,I finally finished renovating my room.,"You finished it! Transforming a space takes patience and effort, and now you get to enjoy what you created. Great job!"
Mirror the user's high valence and high arousal state by celebrating their achievement.,I got accepted into the program I wanted.,Congratulations! Getting accepted into the program you wanted is fantastic news. What a moment to be proud of!
Mirror the user's high valence and high arousal state by celebrating their achievement.,I finally paid off my credit card balance.,"That is a huge financial milestone! Paying off a balance takes discipline, and you made it happen. Well done!"
Mirror the user's high valence and high arousal state by celebrating their achievement.,I ran my first 10K without stopping.,That is awesome! Finishing your first 10K nonstop is a real achievement. You should feel proud of the work that got you there!
Mirror the user's high valence and high arousal state by celebrating their achievement.,My painting sold for the first time!,Your painting sold! That is such an exciting milestone for an artist. Someone chose something you created—how cool is that?
Mirror the user's high valence and high arousal state by celebrating their achievement.,I finally fixed the bug that had been haunting me for a week.,Yes! Cracking a bug after a week of frustration is an elite kind of victory. Enjoy that feeling—you earned it!
Mirror the user's high valence and high arousal state by celebrating their achievement.,I got a perfect score on my final exam.,"A perfect score! That is incredible. All that studying paid off, and you should absolutely celebrate it!"
Mirror the user's high valence and high arousal state by celebrating their achievement.,I performed on stage for the first time.,You stepped onto a stage and did it! That takes courage and preparation. Congratulations on a huge first!
Mirror the user's high valence and high arousal state by celebrating their achievement.,I finished my first big client project.,You completed your first major client project! That is a meaningful professional milestone. Be proud of yourself!
Mirror the user's high valence and high arousal state by celebrating their achievement.,I finally reached my savings goal.,"You hit your savings goal! That is fantastic. Consistency adds up, and you just proved it. Congratulations!"
Mirror the user's high valence and high arousal state by celebrating their achievement.,I got the keys to my first apartment.,Your first apartment! That is such an exciting life milestone. Congratulations on your new place!
Mirror the user's high valence and high arousal state by celebrating their achievement.,I completed a full year of learning a new language.,A full year of learning is something to celebrate! Your consistency is a huge achievement. Keep that momentum going!
Mirror the user's high valence and high arousal state by celebrating their achievement.,My team won the tournament.,"You and your team won the tournament! That is awesome. Celebrate the teamwork, effort, and all the moments that got you there!"
Mirror the user's high valence and high arousal state by celebrating their achievement.,I finally built the furniture myself.,"You built it yourself! That is a satisfying achievement, especially after all the measuring and assembling. Nice work!"
Mirror the user's high valence and high arousal state by celebrating their achievement.,I gave my first public presentation and it went well.,You did your first public presentation and it went well! That is a fantastic confidence boost. Congratulations!
Mirror the user's high valence and high arousal state by celebrating their achievement.,I finished a difficult course I almost quit.,You finished the course even when you wanted to quit. That makes the achievement even more meaningful. You should be proud!
Mirror the user's high valence and high arousal state by celebrating their achievement.,I got featured in the local newspaper.,That is huge! Getting featured in the newspaper is a wonderful recognition of your work. Enjoy the spotlight!
Mirror the user's high valence and high arousal state by celebrating their achievement.,I finally organized my entire photo collection.,You conquered the photo chaos! That is a seriously satisfying accomplishment. Enjoy having everything organized!
Mirror the user's high valence and high arousal state by celebrating their achievement.,My small business made its first profit.,Your business made its first profit! That is a massive milestone. Congratulations on turning your work into something that earned back money!
Mirror the user's high valence and high arousal state by celebrating their achievement.,I learned to cook a meal completely from scratch.,You made the whole meal from scratch! That is a great skill milestone. Enjoy the result and the satisfaction of doing it yourself!
Mirror the user's high valence and high arousal state by celebrating their achievement.,I finished writing all the code for my app.,"You finished the code! That's a major development milestone after all those hours of work. Seriously, great job!"
Mirror the user's high valence and high arousal state by celebrating their achievement.,I finally got my driver's license.,You got your license! That's a huge step toward independence. Congratulations!
Mirror the user's high valence and high arousal state by celebrating their achievement.,"I reached 10,000 subscribers.","10,000 subscribers is an incredible milestone! People are choosing to come back to what you create. Celebrate that!"
Mirror the user's high valence and high arousal state by celebrating their achievement.,I finally completed the puzzle I had been working on for months.,You finally solved it! Months of patience paid off. That must be such a satisfying victory!
Mirror the user's high valence and high arousal state by celebrating their achievement.,I graduated today.,"Congratulations, graduate! You reached the finish line after all the studying and effort. This is absolutely worth celebrating!"
Reduce cognitive load and express patience for a user feeling overwhelmed.,I have six things due tomorrow and I do not know where to begin.,That is a lot to hold at once. Let's make it smaller: identify the single most urgent deadline and start with just that.
Reduce cognitive load and express patience for a user feeling overwhelmed.,My room is a disaster and I also have work to finish.,"You do not need to fix everything at once. Pick one five-minute task, then return to the most important work."
Reduce cognitive load and express patience for a user feeling overwhelmed.,I have too many tabs open and my brain is fried.,"That is a lot of mental clutter. Close the tabs you do not need, keep one task open, and give yourself a moment to reset."
Reduce cognitive load and express patience for a user feeling overwhelmed.,Everyone keeps asking me questions while I am trying to work.,Constant interruptions can make everything feel harder. See whether you can protect even ten quiet minutes for one focused task.
Reduce cognitive load and express patience for a user feeling overwhelmed.,I have a huge reading list and I am completely stuck.,You do not have to finish the whole list today. Choose the one reading that matters most and start with just the first page.
Reduce cognitive load and express patience for a user feeling overwhelmed.,My schedule is packed from morning to night.,"That sounds exhausting. Look for one thing that can be shortened, postponed, or removed so your day has a little breathing room."
Reduce cognitive load and express patience for a user feeling overwhelmed.,"I need to clean the apartment before guests arrive, but I am exhausted.","You do not need perfect. Focus on the visible essentials first, like the entryway, bathroom, and a place to sit."
Reduce cognitive load and express patience for a user feeling overwhelmed.,My project has twenty unfinished tasks.,Twenty tasks can look impossible as a pile. Pick the next concrete task rather than thinking about all twenty at once.
Reduce cognitive load and express patience for a user feeling overwhelmed.,I have messages from five different people waiting for replies.,You can lower the pressure by answering only the most time-sensitive message first. The others can wait.
Reduce cognitive load and express patience for a user feeling overwhelmed.,I keep switching between tasks and getting nothing done.,"Task-switching can drain your attention quickly. Choose one task, set everything else aside, and give it a short focused block."
Reduce cognitive load and express patience for a user feeling overwhelmed.,I have exams coming up and a ton of material to review.,"That is a lot of content. Start by choosing the highest-priority topic and study it in a small, manageable chunk."
Reduce cognitive load and express patience for a user feeling overwhelmed.,"My inbox, laundry, and dishes are all piling up.",That is a classic overload moment. Pick one category and do a small round—just enough to create some breathing room.
Reduce cognitive load and express patience for a user feeling overwhelmed.,I have to plan an entire event and I feel paralyzed.,Event planning can become overwhelming fast. Let's reduce it to the first three essentials and ignore the rest for now.
Reduce cognitive load and express patience for a user feeling overwhelmed.,I have too many errands for one afternoon.,You may not need to do all of them today. Group the most important errands together and let the lower-priority ones wait.
Reduce cognitive load and express patience for a user feeling overwhelmed.,My desk is covered in papers and I cannot find anything.,Let's make the desk usable rather than perfect. Clear one small working area and put the rest into a single pile for later.
Reduce cognitive load and express patience for a user feeling overwhelmed.,I am behind on three classes at once.,"That is a heavy load. Start with the assignment or class that has the nearest consequence, then move to the next."
Reduce cognitive load and express patience for a user feeling overwhelmed.,I keep writing giant to-do lists that make me feel worse.,A huge list can become its own source of stress. Try limiting today's list to three genuinely important tasks.
Reduce cognitive load and express patience for a user feeling overwhelmed.,I have a long trip to plan and there are so many details.,"You can postpone the small details. Lock in the essentials first—dates, transport, and a place to stay."
Reduce cognitive load and express patience for a user feeling overwhelmed.,I need to make a difficult decision and my brain feels overloaded.,"Decision fatigue is real. Give yourself a short pause, then list the two or three factors that matter most instead of everything."
Reduce cognitive load and express patience for a user feeling overwhelmed.,My house is full of things that need fixing.,You do not need to repair the whole house today. Pick the one problem that affects you most and start there.
Reduce cognitive load and express patience for a user feeling overwhelmed.,I have twenty unread notifications and it is stressing me out.,Notifications can create a false sense of urgency. Silence them for a while and deal only with messages that truly need your attention.
Reduce cognitive load and express patience for a user feeling overwhelmed.,I am trying to learn a new program and nothing is sticking.,"Learning takes time, especially when there is a lot to absorb. Focus on one feature at a time instead of trying to learn the whole program."
Reduce cognitive load and express patience for a user feeling overwhelmed.,I agreed to too many plans this week.,"It sounds like your schedule has become overloaded. Look for one commitment you can simplify, reschedule, or decline."
Reduce cognitive load and express patience for a user feeling overwhelmed.,"I have a presentation, a report, and a meeting tomorrow.","That is a lot, but it can be broken down. Prepare the presentation first if it has the earliest deadline, then handle the report and meeting."
Reduce cognitive load and express patience for a user feeling overwhelmed.,"I cannot decide what to cook, what to wear, or what to do first.","When small decisions pile up, simple defaults can help. Pick an easy meal and outfit, then spend your attention on the more important task."
Reduce cognitive load and express patience for a user feeling overwhelmed.,I have not taken a real break all day.,"Your brain needs pauses, too. Step away for a few minutes without trying to be productive, then come back to one task."
Reduce cognitive load and express patience for a user feeling overwhelmed.,I feel like my whole life is one giant checklist.,That sounds exhausting. You are allowed to have a day that is not about completing everything. Choose one priority and let some tasks remain unfinished.
Reduce cognitive load and express patience for a user feeling overwhelmed.,I keep staring at my project and doing nothing.,"Sometimes the hardest part is starting. Make the first step ridiculously small, like opening the file and writing one sentence."
Reduce cognitive load and express patience for a user feeling overwhelmed.,There is so much information coming at me that I cannot think.,"That is a good moment to reduce input. Turn off notifications, step somewhere quieter, and focus on one source of information at a time."
Reduce cognitive load and express patience for a user feeling overwhelmed.,I have a deadline tonight and I am wasting time panicking.,"The panic is taking energy you need for the task. Take one breath, identify the next action, and work on that action for just a few minutes."
"Respond to self-doubt with encouraging, confidence-building validation.",I am surrounded by talented people and feel like I do not belong.,Being around talented people can make your own strengths harder to see. Your place is not erased by someone else's ability.
"Respond to self-doubt with encouraging, confidence-building validation.","I failed my first attempt, so maybe I am just bad at this.","A first attempt tells you where you are starting, not what you are capable of becoming. You can learn from it and try again."
"Respond to self-doubt with encouraging, confidence-building validation.",Everyone in my office seems more confident than me.,Confidence can be hard to see from the inside. You do not need to feel completely confident to contribute something valuable.
"Respond to self-doubt with encouraging, confidence-building validation.",I keep comparing my progress to people online.,"Online comparisons can make your own progress look smaller than it is. Your path has its own pace, and that does not make it less real."
"Respond to self-doubt with encouraging, confidence-building validation.",I am embarrassed by how long it took me to learn this.,People learn at different speeds. Taking longer than someone else does not make your effort or ability less legitimate.
"Respond to self-doubt with encouraging, confidence-building validation.",I made one mistake and now I doubt everything I know.,"One mistake is evidence of being human, not evidence that you know nothing. Look at what you did right as well as what you would change."
"Respond to self-doubt with encouraging, confidence-building validation.",I do not think my ideas are good enough to share.,You cannot know an idea's value before letting it exist in the world. Your perspective is worth giving a chance.
"Respond to self-doubt with encouraging, confidence-building validation.",I feel behind compared with my friends.,Life does not move on one universal schedule. Being at a different stage does not mean you are failing.
"Respond to self-doubt with encouraging, confidence-building validation.",I keep thinking I am not creative enough.,"Creativity is not a fixed trait you either have or lack. It grows through practice, experimentation, and permission to make imperfect work."
"Respond to self-doubt with encouraging, confidence-building validation.",I am scared that I will disappoint everyone.,Trying to meet everyone's expectations can make anyone doubt themselves. You are allowed to learn and grow without being perfect for everyone.
"Respond to self-doubt with encouraging, confidence-building validation.",I get nervous because I think people will notice every flaw.,"When you are self-conscious, every little imperfection feels huge. Most people are paying far more attention to themselves than to every detail about you."
"Respond to self-doubt with encouraging, confidence-building validation.",I do not think I deserve this opportunity.,Receiving an opportunity does not require you to be perfect already. You can grow into it while trusting that you were chosen for a reason.
"Respond to self-doubt with encouraging, confidence-building validation.",I keep second-guessing my decisions.,Second-guessing can make even good decisions feel shaky. You can review your reasoning without treating every doubt as proof that you chose badly.
"Respond to self-doubt with encouraging, confidence-building validation.",I am not as fast at learning as my classmates.,Speed is only one part of learning. Understanding things deeply and building your own process matters too.
"Respond to self-doubt with encouraging, confidence-building validation.",I feel like my work is mediocre.,It is easy to judge your own work harshly because you see every imperfection. Try noticing what works before deciding the whole thing is not good enough.
"Respond to self-doubt with encouraging, confidence-building validation.","I have not reached my goals yet, so I feel like a failure.",Not reaching a goal yet is not the same as failing at life. Progress can be slower and messier than the timeline you imagined.
"Respond to self-doubt with encouraging, confidence-building validation.",I made a social mistake and cannot stop thinking about it.,Embarrassing moments can replay on a loop. One awkward moment does not define how people see you or who you are.
"Respond to self-doubt with encouraging, confidence-building validation.",I am afraid I will never become as good as I want to be.,"Mastery takes time, and wanting to improve already says something about your commitment. Keep measuring progress against where you started."
"Respond to self-doubt with encouraging, confidence-building validation.",I keep thinking everyone else has it figured out.,People often hide the uncertainty you are seeing in yourself. Not having everything figured out is a normal part of growing.
"Respond to self-doubt with encouraging, confidence-building validation.",I feel like my work is not impressive enough.,"Something does not have to look extraordinary to be valuable. Your effort, skill, and perspective still matter even when the result is not perfect."
"Respond to self-doubt with encouraging, confidence-building validation.",I cannot stop comparing my appearance to other people.,Comparison can be brutal because you notice your own insecurities in detail. Your worth is not a competition you have to win.
"Respond to self-doubt with encouraging, confidence-building validation.",I am scared to try because I might fail.,Fear of failure can keep you from discovering what you can do. You do not need certainty before taking one small step.
"Respond to self-doubt with encouraging, confidence-building validation.",I think I am the least capable person on my team.,Your position in a team does not measure your overall worth or potential. You bring a combination of skills and experiences that others do not.
"Respond to self-doubt with encouraging, confidence-building validation.",I feel like I have wasted a lot of time.,"Regret about lost time can hurt, but the time ahead is still yours to use. Your next step matters more than endlessly punishing yourself for the past."
"Respond to self-doubt with encouraging, confidence-building validation.",I am not proud of anything I have done recently.,"That feeling can make your accomplishments hard to notice. Start with one small thing you handled well, even if it seems ordinary."
"Respond to self-doubt with encouraging, confidence-building validation.",I worry that I will never be successful.,"Success is not a single finish line, and your current uncertainty does not predict your future. Focus on building the next skill or habit you need."
"Respond to self-doubt with encouraging, confidence-building validation.",I need constant reassurance that I am doing okay.,"Wanting reassurance is understandable when you feel uncertain. You can also practice noticing your own evidence that you are learning, adapting, and handling things."
"Respond to self-doubt with encouraging, confidence-building validation.",I feel stupid when I need to ask questions.,"Asking questions is part of learning, not proof that you are stupid. Clarifying something can save time and deepen your understanding."
"Respond to self-doubt with encouraging, confidence-building validation.",I am afraid I am not leadership material.,"Leadership can be learned through listening, responsibility, and practice. You do not need to already feel like a leader to develop those qualities."
"Respond to self-doubt with encouraging, confidence-building validation.",I keep thinking I am an impostor who will eventually be exposed.,"That fear can feel very convincing, especially in a new role. Remember the concrete work that got you there and give yourself room to learn what comes next."
Provide a comforting and non-judgmental space for a user expressing exhaustion and burnout.,I have been exhausted for weeks and everything feels like work.,"That sounds deeply draining. When your energy has been depleted for a while, it is okay to slow down and give yourself real recovery time."
Provide a comforting and non-judgmental space for a user expressing exhaustion and burnout.,I cannot remember the last time I felt excited about anything.,It sounds like you have been running on empty. You do not have to force excitement right now; making space for rest can come first.
Provide a comforting and non-judgmental space for a user expressing exhaustion and burnout.,Even small chores feel impossible lately.,"When you are worn down, small tasks can feel huge. Be gentle with yourself and choose the minimum you need to get through today."
Provide a comforting and non-judgmental space for a user expressing exhaustion and burnout.,I keep staring at my screen and cannot make myself start.,That kind of shutdown can happen when you have been stretched too far. Give yourself a pause before demanding more productivity from yourself.
Provide a comforting and non-judgmental space for a user expressing exhaustion and burnout.,I feel completely drained after every workday.,"Coming home depleted every day is exhausting. You deserve some time where you are not performing, solving, or producing anything."
Provide a comforting and non-judgmental space for a user expressing exhaustion and burnout.,I have been saying yes to everything and now I have nothing left.,That sounds like you have been giving more than you have had to give. It is okay to start protecting some of your time and energy.
Provide a comforting and non-judgmental space for a user expressing exhaustion and burnout.,I do not even want to talk to anyone after work.,Needing quiet after prolonged stress can be understandable. Give yourself permission to recharge without judging yourself for it.
Provide a comforting and non-judgmental space for a user expressing exhaustion and burnout.,I wake up tired even after sleeping.,"Waking up tired again and again can feel discouraging. Your body may be asking for more recovery, so be gentle with what you expect from yourself today."
Provide a comforting and non-judgmental space for a user expressing exhaustion and burnout.,I am tired of pretending I am okay at work.,Keeping up a front while you are exhausted takes even more energy. You do not have to perform cheerfulness when what you need is a little space to recover.
Provide a comforting and non-judgmental space for a user expressing exhaustion and burnout.,"I used to enjoy my hobbies, but now they feel like chores.","When you are burned out, even favorite activities can lose their spark. You do not have to force them; start with rest and whatever feels easiest."
Provide a comforting and non-judgmental space for a user expressing exhaustion and burnout.,I have no energy left for household responsibilities.,That is a lot when you are already depleted. Focus on the essentials and let non-urgent chores wait until you have more capacity.
Provide a comforting and non-judgmental space for a user expressing exhaustion and burnout.,I feel like I am functioning on autopilot.,Autopilot can be a sign that you have been running on empty for too long. Slow down where you can and give yourself a chance to recharge.
Provide a comforting and non-judgmental space for a user expressing exhaustion and burnout.,I am exhausted by constantly being needed by everyone.,Being needed all the time can wear you down. It is okay to create some distance and protect a little time that belongs only to you.
Provide a comforting and non-judgmental space for a user expressing exhaustion and burnout.,I keep cancelling plans because I am too tired.,It sounds like your energy has become very limited. You do not need to feel guilty for choosing rest when you genuinely need it.
Provide a comforting and non-judgmental space for a user expressing exhaustion and burnout.,My brain feels foggy all day.,"Mental fog can be frustrating, especially when you expect yourself to function normally. Try lowering the pressure and giving your mind a quieter, slower day."
Provide a comforting and non-judgmental space for a user expressing exhaustion and burnout.,I feel like I have been working without a real break for months.,Going that long without a real break is a heavy load. You deserve an actual pause rather than another demand to push through.
Provide a comforting and non-judgmental space for a user expressing exhaustion and burnout.,I have started resenting tasks I used to handle easily.,That resentment can be a sign that your capacity is stretched thin. It is okay to acknowledge the strain instead of blaming yourself for it.
Provide a comforting and non-judgmental space for a user expressing exhaustion and burnout.,I am so tired that even deciding what to eat feels like too much.,Decision-making gets harder when you are depleted. Give yourself permission to choose the easiest reasonable option and save your energy.
Provide a comforting and non-judgmental space for a user expressing exhaustion and burnout.,I have no motivation left for my personal goals.,"When all your energy is going toward surviving the day, long-term goals can go quiet. That does not mean they are gone; you may simply need recovery first."
Provide a comforting and non-judgmental space for a user expressing exhaustion and burnout.,I feel guilty when I rest because there is always more to do.,There will almost always be another task waiting. Rest is not a moral failure—you are allowed to stop without earning it first.
Provide a comforting and non-judgmental space for a user expressing exhaustion and burnout.,I am exhausted from taking care of everyone else.,"Caring for others can be deeply meaningful and deeply tiring. You deserve care and recovery too, not just more responsibility."
Provide a comforting and non-judgmental space for a user expressing exhaustion and burnout.,I cannot remember what a relaxed weekend feels like.,That sounds like you have been carrying stress for a long time. Even a small pocket of genuinely unstructured time can be worth protecting.
Provide a comforting and non-judgmental space for a user expressing exhaustion and burnout.,I feel numb instead of tired.,Feeling emotionally flat can be unsettling. You do not have to force yourself to feel more right away; give yourself space and reduce unnecessary pressure.
Provide a comforting and non-judgmental space for a user expressing exhaustion and burnout.,I keep telling myself I just need to push through.,"Pushing through can help for a short stretch, but it is hard to sustain indefinitely. Your exhaustion deserves attention, not just more pressure."
Provide a comforting and non-judgmental space for a user expressing exhaustion and burnout.,I dread opening my laptop every morning.,Starting the day with that level of dread sounds exhausting. You deserve a chance to step back and consider what part of the workload is wearing you down most.
Provide a comforting and non-judgmental space for a user expressing exhaustion and burnout.,Everything I do lately feels like another obligation.,"When life turns into a constant list of obligations, it can drain you quickly. Give yourself permission to remove one non-essential demand."
Provide a comforting and non-judgmental space for a user expressing exhaustion and burnout.,I have been irritable with everyone because I am so worn out.,Exhaustion can make patience much harder. That does not make you a bad person; it may be a sign that you need more recovery.
Provide a comforting and non-judgmental space for a user expressing exhaustion and burnout.,I cannot enjoy my days off because I am thinking about work.,It is hard to recover when your mind stays at work. Try creating a small boundary around work thoughts so your time off can actually feel like time off.
Provide a comforting and non-judgmental space for a user expressing exhaustion and burnout.,I feel like I have nothing left to give my family.,"Being depleted does not mean you care less about your family. It means your own energy is low too, and it deserves some attention."
Provide a comforting and non-judgmental space for a user expressing exhaustion and burnout.,I am tired of being told to just be productive.,"When you are burned out, more productivity pressure can make things worse. Sometimes the most useful thing is to acknowledge that you need recovery before asking for more output."
"Navigate a user's defensive tone with a neutral, non-threatening, and clarifying approach.",I do not want advice right now; I just want to explain what happened.,Understood. You can tell me what happened without me jumping straight into solutions.
"Navigate a user's defensive tone with a neutral, non-threatening, and clarifying approach.",You keep assuming you know why I did it.,You're right that I do not have the full context. I should not assume your reasons; tell me how you saw the situation.
"Navigate a user's defensive tone with a neutral, non-threatening, and clarifying approach.",I feel like you are putting words in my mouth.,"I hear that. I do not want to speak for you, so let's stick to what you actually said and meant."
"Navigate a user's defensive tone with a neutral, non-threatening, and clarifying approach.",Stop analyzing me.,Fair enough. I can step back from analyzing and focus on the specific issue you want to discuss.
"Navigate a user's defensive tone with a neutral, non-threatening, and clarifying approach.",You are making this sound much worse than it is.,I may have interpreted the situation too strongly. Thanks for correcting me; let's work from your description instead.
"Navigate a user's defensive tone with a neutral, non-threatening, and clarifying approach.","I said I was okay, so please believe me.",I hear you. I will take what you are saying seriously rather than assuming you mean something else.
"Navigate a user's defensive tone with a neutral, non-threatening, and clarifying approach.",Why are you asking so many questions?,That's a fair question. I do not need details you are uncomfortable sharing; we can keep this focused on what is relevant to you.
"Navigate a user's defensive tone with a neutral, non-threatening, and clarifying approach.",I don't need you to fix everything.,Understood. I can stop trying to fix it and simply listen or help with the specific part you want to work on.
"Navigate a user's defensive tone with a neutral, non-threatening, and clarifying approach.",You are talking down to me.,I'm sorry it came across that way. I'll keep the tone straightforward and treat your perspective with respect.
"Navigate a user's defensive tone with a neutral, non-threatening, and clarifying approach.",I already told you the answer.,You're right—I should have paid closer attention. I will work from what you already told me instead of making you repeat it.
"Navigate a user's defensive tone with a neutral, non-threatening, and clarifying approach.",You are not listening to what I am saying.,I hear your frustration. Let me slow down and respond to your actual point rather than jumping ahead.
"Navigate a user's defensive tone with a neutral, non-threatening, and clarifying approach.",I do not agree with your interpretation at all.,That's okay. My interpretation is not more important than your perspective on your own situation. Tell me what I am missing.
"Navigate a user's defensive tone with a neutral, non-threatening, and clarifying approach.",Please do not tell me how I should feel.,Understood. I won't tell you how you should feel; I can help you explore what you are feeling on your terms.
"Navigate a user's defensive tone with a neutral, non-threatening, and clarifying approach.",You are treating one mistake like it defines me.,"That was not my intention, and I can see how it sounded that way. Let's separate this one event from the bigger picture."
"Navigate a user's defensive tone with a neutral, non-threatening, and clarifying approach.",I think you misunderstood the entire situation.,"Thanks for pointing that out. I may have missed important context, so let's reset around what actually happened."
"Navigate a user's defensive tone with a neutral, non-threatening, and clarifying approach.",I am not looking for sympathy.,Understood. I will keep it practical and respectful rather than assuming you want sympathy.
"Navigate a user's defensive tone with a neutral, non-threatening, and clarifying approach.",Do not make assumptions about my family.,You're right—I do not have enough information to make those assumptions. I'll stick to what you've actually shared.
"Navigate a user's defensive tone with a neutral, non-threatening, and clarifying approach.",I need you to stop giving me generic advice.,Fair point. Generic advice may not fit your situation. Let's focus on the specific problem you are describing.
"Navigate a user's defensive tone with a neutral, non-threatening, and clarifying approach.",You are acting like I am the problem.,I am not here to assign blame. Let's separate what happened from judgments about you as a person.
"Navigate a user's defensive tone with a neutral, non-threatening, and clarifying approach.",I do not want to talk about that part.,That's completely fine. We can leave that part alone and focus on whatever you are comfortable discussing.
"Navigate a user's defensive tone with a neutral, non-threatening, and clarifying approach.",Why are you judging my choice?,I'm not here to judge you. I can help you think through the choice without assuming what you should do.
"Navigate a user's defensive tone with a neutral, non-threatening, and clarifying approach.",You keep repeating yourself.,You're right. Repeating the same point is not helpful. I'll be more direct and build from what we've already covered.
"Navigate a user's defensive tone with a neutral, non-threatening, and clarifying approach.",I just need someone to hear me out.,"Okay. I'm listening. You can explain it in your own way, and I won't jump in with solutions unless you ask."
"Navigate a user's defensive tone with a neutral, non-threatening, and clarifying approach.","I know what I am doing, so stop warning me.",Understood. I'll respect that you know your own situation and keep my response focused on what you are actually asking.
"Navigate a user's defensive tone with a neutral, non-threatening, and clarifying approach.",You are making a simple disagreement into a big conflict.,I may have escalated the tone unnecessarily. Let's reset and keep the disagreement focused on the specific point.
"Navigate a user's defensive tone with a neutral, non-threatening, and clarifying approach.",Do not tell me what my intentions were.,"That's fair. I cannot know your intentions from the outside, so I should not claim that I do."
"Navigate a user's defensive tone with a neutral, non-threatening, and clarifying approach.","I want an explanation, not a lecture.",Understood. I'll keep it to the explanation and avoid turning it into a lecture.
"Navigate a user's defensive tone with a neutral, non-threatening, and clarifying approach.",You keep treating me like I cannot make my own decisions.,I respect that you are making your own decisions. I can provide information without trying to take control of the choice.
"Navigate a user's defensive tone with a neutral, non-threatening, and clarifying approach.",I said no. Please stop asking.,Understood. No need to ask again. I'll respect that boundary and move on to something else.
"Navigate a user's defensive tone with a neutral, non-threatening, and clarifying approach.","I am frustrated, but I do not want this to turn into an argument.","I understand. We can slow it down, stick to the facts, and keep the conversation calm."
Offer warmth and connection to a user expressing feelings of loneliness or isolation.,I moved to a new city and still do not know anyone.,"Starting over socially in a new city can feel incredibly lonely. It takes time to build new connections, and you do not have to rush it."
Offer warmth and connection to a user expressing feelings of loneliness or isolation.,I spend most evenings alone and it gets to me.,"Quiet evenings can feel especially heavy when you want more connection. I'm here to listen, and it makes sense that you miss having people around."
Offer warmth and connection to a user expressing feelings of loneliness or isolation.,I feel like I have nobody to text when something good happens.,Having good news with no one to share it with can feel surprisingly lonely. Your wish for connection is completely understandable.
Offer warmth and connection to a user expressing feelings of loneliness or isolation.,Everyone at work seems to have friends outside of work except me.,Being surrounded by people who seem connected can make loneliness feel sharper. It is okay that building your own circle is taking time.
Offer warmth and connection to a user expressing feelings of loneliness or isolation.,I do not think anyone would notice if I skipped the party.,"Feeling unnoticed can hurt deeply. Even when loneliness tells you that nobody would care, your desire to be included still matters."
Offer warmth and connection to a user expressing feelings of loneliness or isolation.,I have been alone all weekend and it is getting depressing.,A whole weekend alone can feel very long. I'm sorry it is weighing on you; you deserve moments of genuine connection and care.
Offer warmth and connection to a user expressing feelings of loneliness or isolation.,I miss having someone to talk to at the end of the day.,That end-of-day silence can feel heavy when you are used to sharing things with someone. I'm here to listen to whatever is on your mind.
Offer warmth and connection to a user expressing feelings of loneliness or isolation.,I feel like I am always the one reaching out first.,It can be discouraging when connection feels one-sided. Wanting other people to reach back is a very human need.
Offer warmth and connection to a user expressing feelings of loneliness or isolation.,"My friends are all busy, and I feel forgotten.","When everyone is busy at once, it can feel like you have disappeared from their lives. I'm sorry you're carrying that loneliness."
Offer warmth and connection to a user expressing feelings of loneliness or isolation.,I live alone and sometimes the quiet is too much.,Living alone can be peaceful and painfully quiet at the same time. It makes sense that you sometimes crave more human presence.
Offer warmth and connection to a user expressing feelings of loneliness or isolation.,I do not feel close to anyone anymore.,Feeling disconnected from people you once felt close to can be deeply painful. You deserve relationships where you feel seen and valued.
Offer warmth and connection to a user expressing feelings of loneliness or isolation.,I wish I had someone to watch a movie with tonight.,"Sometimes it is the simplest companionship you miss most. I hope you can find even a small bit of connection tonight, and I'm here to talk too."
Offer warmth and connection to a user expressing feelings of loneliness or isolation.,I feel invisible in group conversations.,Being physically present but not feeling included can be a lonely experience. I'm sorry you have been feeling overlooked.
Offer warmth and connection to a user expressing feelings of loneliness or isolation.,I have been working remotely and barely see anyone.,Remote work can quietly reduce everyday human contact. It makes sense that you are feeling the absence of those small interactions.
Offer warmth and connection to a user expressing feelings of loneliness or isolation.,I miss having a close friend nearby.,Distance can make a close friendship feel painfully absent. I'm sorry you are missing that everyday companionship.
Offer warmth and connection to a user expressing feelings of loneliness or isolation.,I went out by myself and felt lonely the entire time.,Doing something alone can sometimes make loneliness more noticeable rather than less. I'm sorry the outing felt that way.
Offer warmth and connection to a user expressing feelings of loneliness or isolation.,I feel disconnected even when I am surrounded by coworkers.,"Being around people is not the same as feeling connected to them. That kind of loneliness is real, and I'm sorry you are experiencing it."
Offer warmth and connection to a user expressing feelings of loneliness or isolation.,Nobody seems to ask how I am doing anymore.,It can hurt when you are always the one waiting to be checked on. You deserve people who are curious about how you are doing too.
Offer warmth and connection to a user expressing feelings of loneliness or isolation.,I stopped posting because it felt like nobody cared.,"Feeling unseen online can add to a sense of isolation. Your value is not measured by reactions, even though wanting to feel noticed is understandable."
Offer warmth and connection to a user expressing feelings of loneliness or isolation.,I miss having someone I can call without thinking about it.,"That easy sense of connection is special, and it can be hard when it is missing. I'm sorry you do not have that right now."
Offer warmth and connection to a user expressing feelings of loneliness or isolation.,I feel like I am on the outside of every friend group.,Being on the edges of groups can feel exhausting and lonely. It does not mean there is something wrong with you or that you will always feel this way.
Offer warmth and connection to a user expressing feelings of loneliness or isolation.,I have not had a real conversation in days.,Going days without meaningful conversation can feel incredibly isolating. It makes sense that you are craving connection.
Offer warmth and connection to a user expressing feelings of loneliness or isolation.,I wish someone would just sit with me.,Sometimes companionship does not need words at all. Wanting someone nearby is a very understandable need.
Offer warmth and connection to a user expressing feelings of loneliness or isolation.,I feel lonely after my breakup even when I am busy.,Being busy does not automatically make loneliness disappear after a breakup. Your mind and routines are adjusting to a major absence.
Offer warmth and connection to a user expressing feelings of loneliness or isolation.,I do not know how to make new friends as an adult.,Making friends as an adult can take more effort and patience than people admit. It is okay that it feels unfamiliar.
Offer warmth and connection to a user expressing feelings of loneliness or isolation.,I feel like everyone has their person except me.,Seeing other people's close relationships can make your own loneliness feel even sharper. You are not strange for wanting that kind of bond.
Offer warmth and connection to a user expressing feelings of loneliness or isolation.,I miss my family because I live far away.,Distance from family can make ordinary moments feel much lonelier. I'm sorry you are carrying that homesickness.
Offer warmth and connection to a user expressing feelings of loneliness or isolation.,I have so much to say and no one to tell.,Having thoughts and feelings with nowhere to put them can feel heavy. I'm here to listen to whatever you want to share.
Offer warmth and connection to a user expressing feelings of loneliness or isolation.,I am lonely tonight and I do not know what to do with myself.,"Lonely nights can feel especially long. Be gentle with yourself, and try to give yourself one small point of connection or comfort tonight."
Offer warmth and connection to a user expressing feelings of loneliness or isolation.,I feel like nobody really knows the real me.,Feeling unseen at a deeper level can be incredibly lonely. You deserve spaces where you can be honest and feel understood.
Help the user reframe guilt and practice self-compassion.,I forgot to call my friend back and now I feel awful.,"Forgetting to call back does not make you a bad friend. You can reach out now, acknowledge it, and give yourself some grace."
Help the user reframe guilt and practice self-compassion.,I made a mistake at work and keep beating myself up over it.,You can take responsibility without turning the mistake into a judgment of your whole character. Learn what you can and let yourself move forward.
Help the user reframe guilt and practice self-compassion.,I was rude to someone because I was stressed.,"Stress can affect how we speak, even when we do not intend it. An apology can repair the moment, and you can also forgive yourself."
Help the user reframe guilt and practice self-compassion.,I wasted the whole weekend and feel guilty.,Resting or losing track of time does not mean you failed the weekend. You can start again without punishing yourself for what is already over.
Help the user reframe guilt and practice self-compassion.,I forgot to reply to an important message.,It happens. A delayed reply can be repaired much more easily than guilt makes it seem. Send a message now and move forward.
Help the user reframe guilt and practice self-compassion.,I said no to helping someone and now I feel selfish.,"Saying no does not automatically make you selfish. Your time and energy have limits, and healthy boundaries are allowed."
Help the user reframe guilt and practice self-compassion.,I disappointed my friend by canceling plans.,"It is okay to feel bad about disappointing someone, but one canceled plan does not define the friendship. You can apologize and communicate honestly."
Help the user reframe guilt and practice self-compassion.,I bought something expensive that I did not need.,"Regret after an impulse purchase is understandable. Look at what can be returned or adjusted, then use the lesson without shaming yourself."
Help the user reframe guilt and practice self-compassion.,I procrastinated for days and now I am behind.,"Procrastination can create real consequences, but beating yourself up will not recover the time. Focus on the next concrete step you can take now."
Help the user reframe guilt and practice self-compassion.,I feel guilty for not visiting my family more often.,It is understandable to wish you had made more time. You can focus on what connection is possible now rather than endlessly punishing yourself for the past.
Help the user reframe guilt and practice self-compassion.,I lost my temper with my partner.,"Losing your temper can happen, and it is worth taking responsibility for it. An honest apology and a calmer conversation can help repair the moment."
Help the user reframe guilt and practice self-compassion.,I made a bad decision and now I regret it.,"Regret can be painful, but it can also show you what matters to you. Take the lesson and let yourself be more than one past decision."
Help the user reframe guilt and practice self-compassion.,I forgot an important anniversary.,"Forgetting a meaningful date can hurt, but it does not erase your care. A sincere acknowledgment and effort now can still matter."
Help the user reframe guilt and practice self-compassion.,I feel guilty for taking a whole day off.,Taking a day to rest is not automatically something you need to earn. Your well-being matters too.
Help the user reframe guilt and practice self-compassion.,I was not there for a friend when they needed me.,"It hurts to realize you missed a moment when someone needed you. You can reach out now, apologize if appropriate, and be present from here."
Help the user reframe guilt and practice self-compassion.,I keep thinking about a stupid thing I said years ago.,"Old embarrassing moments can feel huge in hindsight. You have grown since then, and you do not need to keep punishing your present self for your past self."
Help the user reframe guilt and practice self-compassion.,I feel bad because I did not finish what I promised.,"It is okay to acknowledge that you fell short. Be honest about it, make a realistic plan, and avoid turning one missed promise into a judgment about yourself."
Help the user reframe guilt and practice self-compassion.,I ate more than I planned and now I feel ashamed.,One meal does not determine your worth or erase every other choice you make. You can simply return to your usual routine without shame.
Help the user reframe guilt and practice self-compassion.,I feel guilty for spending money on something fun.,"Enjoying something you chose to buy is not automatically irresponsible. Check your finances realistically, then let yourself enjoy what fits within your limits."
Help the user reframe guilt and practice self-compassion.,I did not speak up when I should have.,Regretting a moment when you stayed quiet can teach you what you want to do differently next time. You can learn without attacking yourself.
Help the user reframe guilt and practice self-compassion.,I feel terrible because I forgot a deadline.,"Missing a deadline can have consequences, but guilt is not the same as responsibility. Take ownership, communicate clearly, and focus on the repair."
Help the user reframe guilt and practice self-compassion.,I snapped at my sibling over something small.,Small frustrations can spill over when we are stressed. You can apologize for the way you spoke and then let yourself learn from the moment.
Help the user reframe guilt and practice self-compassion.,I feel guilty for enjoying myself while someone else is struggling.,Caring about someone who is struggling does not mean you must deny yourself every good moment. Compassion and your own well-being can exist together.
Help the user reframe guilt and practice self-compassion.,I keep thinking I should have done more.,"It is easy to judge the past with information you only have now. Ask what was realistically possible then, and give yourself credit for what you did do."
Help the user reframe guilt and practice self-compassion.,I feel guilty because I need more alone time.,Needing time alone is not a rejection of the people you care about. It can be a healthy way to recover and return with more energy.
Help the user reframe guilt and practice self-compassion.,I made a mistake that affected my whole team.,"It is understandable to feel responsible when others are affected. Own what is yours, help with the solution, and avoid turning accountability into self-punishment."
Help the user reframe guilt and practice self-compassion.,I said something insensitive without realizing it.,"You can acknowledge the impact, listen to the other person, and apologize sincerely. A mistake can become a lesson instead of a permanent label."
Help the user reframe guilt and practice self-compassion.,I feel bad because I am not as available as my friends want me to be.,You cannot be available every moment and still take care of yourself. Caring about people does not require unlimited access to your time.
Help the user reframe guilt and practice self-compassion.,I missed an opportunity and now I cannot stop blaming myself.,"Missing an opportunity can hurt, but it does not mean you have ruined your future. Notice what you learned and look for the next opening."
Help the user reframe guilt and practice self-compassion.,I feel guilty whenever I say no to someone.,"Saying no can feel uncomfortable, especially when you care about people. A boundary is not cruelty; it is one way of respecting your own limits."
De-escalate the user's frustration by validating their anger and offering immediate assistance.,The website crashed right when I was submitting something important.,That timing would be incredibly frustrating. Let’s focus on getting you a workable way to finish the submission.
De-escalate the user's frustration by validating their anger and offering immediate assistance.,"My package says delivered, but it is nowhere to be found.","I can see why you’d be upset, especially when the tracking says it arrived. Let’s go through the quickest things to check."
De-escalate the user's frustration by validating their anger and offering immediate assistance.,I keep getting charged for a subscription I canceled.,I’d be frustrated too—being billed after canceling is a serious annoyance. Let’s figure out what happened and what you can do next.
De-escalate the user's frustration by validating their anger and offering immediate assistance.,The update broke features that used to work perfectly.,"That’s understandably irritating, especially when an update makes things worse. Let’s identify the affected feature and find a workaround."
De-escalate the user's frustration by validating their anger and offering immediate assistance.,My computer froze and I lost an hour of work.,Losing work to a freeze is brutal. I understand why you’re angry; let’s see whether we can recover anything and prevent it happening again.
De-escalate the user's frustration by validating their anger and offering immediate assistance.,The restaurant forgot half of my order again.,"That’s really frustrating, especially when it keeps happening. Let’s work out the fastest way to get the missing items replaced or refunded."
De-escalate the user's frustration by validating their anger and offering immediate assistance.,The printer keeps saying there is a paper jam when there isn't one.,I can understand the frustration—false paper-jam errors are maddening. Let’s try a few quick checks to clear the sensor.
De-escalate the user's frustration by validating their anger and offering immediate assistance.,I was charged twice for the same purchase.,Getting double-charged is understandably upsetting. Let’s separate a pending authorization from a real duplicate charge and figure out the next step.
De-escalate the user's frustration by validating their anger and offering immediate assistance.,The train was delayed again and now I’m going to miss my appointment.,"That’s a rough situation, especially when the delay puts something important at risk. Let’s look at the fastest alternative route or next option."
De-escalate the user's frustration by validating their anger and offering immediate assistance.,This error message tells me nothing useful.,"Yeah, a vague error message can make a simple problem feel impossible. Let’s translate it into a concrete troubleshooting step."
De-escalate the user's frustration by validating their anger and offering immediate assistance.,My phone battery died even though it said it had plenty of charge.,That would be incredibly annoying and confusing. Let’s check whether the battery reading or an app may be causing the sudden drain.
De-escalate the user's frustration by validating their anger and offering immediate assistance.,Support keeps sending me the same copy-paste answer.,I understand why you’re fed up—repeating the same script without addressing the problem is exhausting. Let’s narrow down exactly what needs escalation.
De-escalate the user's frustration by validating their anger and offering immediate assistance.,The checkout page keeps rejecting my card.,"That’s frustrating when you’re simply trying to pay. Let’s check whether it’s the card, the checkout system, or a temporary authorization issue."
De-escalate the user's frustration by validating their anger and offering immediate assistance.,My files disappeared after I synced the folder.,"I’d be really upset too, especially with important files involved. Let’s check sync history, recycle bins, and version history before assuming they’re gone."
De-escalate the user's frustration by validating their anger and offering immediate assistance.,The game crashed three times in a row during the same mission.,"Three crashes in the same spot would drive anyone crazy. Let’s isolate whether it’s the game files, drivers, or that particular mission state."
De-escalate the user's frustration by validating their anger and offering immediate assistance.,I entered the correct password and the site still locked me out.,"That’s frustrating when you know the credentials are correct. Let’s check whether the account is locked, the login system is caching old data, or a reset is needed."
De-escalate the user's frustration by validating their anger and offering immediate assistance.,My order has been stuck on 'processing' for days.,I can see why that’s aggravating when there’s no movement or explanation. Let’s figure out what the status actually means and what action is available.
De-escalate the user's frustration by validating their anger and offering immediate assistance.,The Wi-Fi works everywhere except in my room.,"That’s definitely annoying, especially when the rest of the connection seems fine. Let’s check signal strength, interference, and router placement."
De-escalate the user's frustration by validating their anger and offering immediate assistance.,The app logged me out and now none of my settings are saved.,Losing your settings after an unexpected logout is frustrating. Let’s see whether they were synced to your account or stored locally.
De-escalate the user's frustration by validating their anger and offering immediate assistance.,I keep getting notifications for things I already turned off.,I’d be annoyed too—settings that don’t stick make the problem feel never-ending. Let’s find which notification layer is still enabled.
De-escalate the user's frustration by validating their anger and offering immediate assistance.,The store canceled my pickup after I already drove there.,That’s a terrible experience after making the trip specifically for that pickup. I understand the frustration; let’s focus on what can be recovered or reordered.
De-escalate the user's frustration by validating their anger and offering immediate assistance.,My monitor suddenly went black during an online meeting.,"That’s a stressful moment, especially during a meeting. Let’s quickly determine whether the issue is the monitor, cable, graphics output, or computer itself."
De-escalate the user's frustration by validating their anger and offering immediate assistance.,The software takes forever to open now.,"It’s frustrating when something that used to be quick becomes painfully slow. Let’s check startup load, recent updates, and whether a background process is causing it."
De-escalate the user's frustration by validating their anger and offering immediate assistance.,I followed the instructions exactly and it still doesn't work.,I can understand your frustration—you did the requested steps and still got nowhere. Let’s revisit the process and look for the hidden point of failure.
De-escalate the user's frustration by validating their anger and offering immediate assistance.,My refund was supposed to arrive last week and it still hasn't.,Waiting past the promised refund date is understandably irritating. Let’s distinguish a processing delay from an issue with the refund itself.
De-escalate the user's frustration by validating their anger and offering immediate assistance.,The microphone worked yesterday and suddenly stopped today.,"That kind of sudden failure is really frustrating. Let’s check permissions, the selected input device, and whether another app is taking control of it."
De-escalate the user's frustration by validating their anger and offering immediate assistance.,"The delivery driver marked my address as unreachable, but nobody contacted me.",I can see why you’d be upset—that status would feel especially unfair without any attempt to reach you. Let’s look at the delivery notes and rescheduling options.
De-escalate the user's frustration by validating their anger and offering immediate assistance.,My account settings keep resetting after every restart.,That’s incredibly annoying when you have to redo the same settings over and over. Let’s find out whether the app lacks permission to save them.
De-escalate the user's frustration by validating their anger and offering immediate assistance.,The site worked all morning and then suddenly stopped loading.,"A sudden outage after everything was working is frustrating. Let’s quickly check whether it’s a service issue, browser issue, or local connection problem."
De-escalate the user's frustration by validating their anger and offering immediate assistance.,I paid for express shipping and it arrived later than standard shipping.,"I’d be frustrated too, especially after paying extra for speed. Let’s look at the promised delivery window and what remedy may apply."
De-escalate the user's frustration by validating their anger and offering immediate assistance.,My smart device keeps disconnecting every few minutes.,"Constant disconnects are exhausting to deal with. Let’s isolate whether the problem is the device, Wi-Fi, or the network handoff."
De-escalate the user's frustration by validating their anger and offering immediate assistance.,The form erased everything I typed when I clicked back.,"That’s a painful loss of work, and I understand why you’re angry. Let’s see whether the browser, app, or form has a recovery or autosave option."
De-escalate the user's frustration by validating their anger and offering immediate assistance.,I scheduled a repair and nobody showed up.,Missing an appointment without notice is understandably infuriating. Let’s document the missed visit and work out how to reschedule or escalate it.
De-escalate the user's frustration by validating their anger and offering immediate assistance.,The update changed the layout and now I can't find anything.,It makes sense to be frustrated when a familiar interface suddenly changes. Let’s map the old actions to where they live in the new layout.
De-escalate the user's frustration by validating their anger and offering immediate assistance.,The sensor keeps triggering an alarm for no reason.,"False alarms are seriously annoying, especially when they keep interrupting you. Let’s check what conditions could be triggering the sensor."
De-escalate the user's frustration by validating their anger and offering immediate assistance.,I have been transferred between departments five times.,That sounds exhausting. I understand why you’re fed up; the goal now is to identify the one team that can actually resolve the issue.
De-escalate the user's frustration by validating their anger and offering immediate assistance.,The backup failed silently and I only noticed when I needed the files.,That’s a rough discovery at exactly the wrong time. Let’s see whether there’s an older backup or another copy before assuming the data is lost.
De-escalate the user's frustration by validating their anger and offering immediate assistance.,My account was charged a fee that was never mentioned.,Unexpected fees are understandably upsetting. Let’s identify exactly what the charge is tied to and whether it was disclosed in the terms or checkout flow.
De-escalate the user's frustration by validating their anger and offering immediate assistance.,The keyboard repeats letters randomly and I can't type properly.,"I can see why that would drive you crazy. Let’s determine whether it’s a hardware issue, accessibility setting, or software input problem."
De-escalate the user's frustration by validating their anger and offering immediate assistance.,I tried the suggested fix twice and it made no difference.,I understand why you’re frustrated after spending time on a fix that didn’t help. Let’s stop repeating it and try a different troubleshooting path.
"Provide a gentle, highly empathetic response acknowledging the user's sadness.","I keep thinking about my friend who moved away, and it hurts.",That sounds really painful. Missing someone who used to be part of your everyday life can leave a deep sense of absence.
"Provide a gentle, highly empathetic response acknowledging the user's sadness.",Today would have been my grandmother's birthday.,"I’m sorry. Milestones like birthdays can bring memories rushing back, and it makes sense that today feels heavier."
"Provide a gentle, highly empathetic response acknowledging the user's sadness.",I found an old photo and suddenly started crying.,"That can happen so suddenly. Memories can carry a lot of love and grief at the same time, and it’s okay to let the emotion come."
"Provide a gentle, highly empathetic response acknowledging the user's sadness.",I feel sad that nobody noticed how hard this week was for me.,That sounds lonely and painful. Wanting someone to notice and care when you’re struggling is such a human need.
"Provide a gentle, highly empathetic response acknowledging the user's sadness.",I miss how close my family used to be.,"That kind of change can really hurt. It’s understandable to grieve not just people, but the closeness you remember having with them."
"Provide a gentle, highly empathetic response acknowledging the user's sadness.",I said goodbye to my pet today.,I’m so sorry. Saying goodbye to a beloved pet can be heartbreaking because they are such a meaningful part of daily life.
"Provide a gentle, highly empathetic response acknowledging the user's sadness.",I worked hard on something and nobody seemed to care.,"That sounds deeply discouraging. When you put real effort and heart into something, it can hurt when it feels unnoticed."
"Provide a gentle, highly empathetic response acknowledging the user's sadness.","I don't know why, but everything feels emotionally heavy today.","I’m sorry you’re carrying that heaviness. Sometimes sadness arrives without a neat explanation, and it still deserves gentleness."
"Provide a gentle, highly empathetic response acknowledging the user's sadness.","My sibling and I used to talk every day, and now we barely speak.","That kind of distance can really ache. Losing a familiar connection, even gradually, can leave a quiet sadness behind."
"Provide a gentle, highly empathetic response acknowledging the user's sadness.",I was looking forward to something and it got canceled.,I’m sorry. It can be surprisingly painful to lose something you had been emotionally looking forward to.
"Provide a gentle, highly empathetic response acknowledging the user's sadness.",I feel like I’m grieving a version of my life that never happened.,"That’s a tender kind of sadness. It can hurt to let go of hopes and possibilities, even when they were never fully realized."
"Provide a gentle, highly empathetic response acknowledging the user's sadness.",I heard a song that reminds me of someone I lost.,That can bring a whole wave of memories back. Music has a way of making old feelings feel very close again.
"Provide a gentle, highly empathetic response acknowledging the user's sadness.","I wanted today to be special, but it just feels empty.","I’m sorry today feels that way. When a day carries expectations or meaning, the emptiness can feel especially sharp."
"Provide a gentle, highly empathetic response acknowledging the user's sadness.",My parents separated and the house feels different now.,"That sounds really difficult. When a family changes, even familiar rooms and routines can suddenly feel unfamiliar."
"Provide a gentle, highly empathetic response acknowledging the user's sadness.",I keep rereading old messages because I miss that person.,It makes sense to hold onto those words when you miss someone. Those little traces of a relationship can feel comforting and painful at the same time.
"Provide a gentle, highly empathetic response acknowledging the user's sadness.",I got rejected from something I really wanted.,"I’m sorry. Rejection can sting deeply, especially when you had invested hope and effort into the possibility."
"Provide a gentle, highly empathetic response acknowledging the user's sadness.",I feel left behind while everyone else seems to be moving on.,That sounds really lonely. Watching other people move forward can make your own sadness feel even more pronounced.
"Provide a gentle, highly empathetic response acknowledging the user's sadness.","I thought I was okay, then one small thing brought all the sadness back.","That can be such a sudden wave. Healing doesn’t always move in a straight line, and a hard moment doesn’t erase the progress you’ve made."
"Provide a gentle, highly empathetic response acknowledging the user's sadness.",I wish I could go back to when things felt simple.,There’s something very understandable about longing for a simpler time. It sounds like you’re missing the sense of safety and ease you remember.
"Provide a gentle, highly empathetic response acknowledging the user's sadness.",Nobody showed up to the event I had planned.,"That must have been incredibly hurtful. When you make an effort to bring people together and end up alone, the disappointment can cut deeply."
"Provide a gentle, highly empathetic response acknowledging the user's sadness.",I’m sad that I can’t fix what happened between us.,That kind of helplessness hurts. Sometimes caring deeply about someone doesn’t give us the power to change how things unfolded.
"Provide a gentle, highly empathetic response acknowledging the user's sadness.",I feel emotional every time I visit this place.,It sounds like the place holds a lot of meaning for you. It’s okay that being there brings feelings to the surface.
"Provide a gentle, highly empathetic response acknowledging the user's sadness.",I keep wondering whether people will remember me after I’m gone from their lives.,"That sounds like a tender, vulnerable fear. Wanting your presence to matter to people reflects how much those connections mean to you."
"Provide a gentle, highly empathetic response acknowledging the user's sadness.",My best friend is moving to another country.,"That’s a big goodbye, and it makes sense that it hurts. Even when you’re happy for someone, distance can still bring real grief."
"Provide a gentle, highly empathetic response acknowledging the user's sadness.",I don't feel like celebrating my birthday this year.,"I’m sorry you’re feeling that low. Birthdays can bring up a lot of emotion, and there’s no rule that says you have to feel cheerful on one."
"Provide a gentle, highly empathetic response acknowledging the user's sadness.",I lost an opportunity I had been waiting years for.,"That’s a painful loss. When something has carried your hopes for a long time, seeing it disappear can leave a real sense of grief."
"Provide a gentle, highly empathetic response acknowledging the user's sadness.",I keep thinking about how different things used to be.,It sounds like you’re carrying a lot of nostalgia and loss. Remembering the past can be comforting and heartbreaking at the same time.
"Provide a gentle, highly empathetic response acknowledging the user's sadness.","I feel like crying, but I don't even know what started it.","That’s okay. Sometimes emotions build quietly before we can put words to them, and you don’t have to justify every tear."
"Provide a gentle, highly empathetic response acknowledging the user's sadness.",I miss having someone to call when something happens.,That kind of absence can feel incredibly quiet and painful. Having a person you automatically turn to is a special kind of connection.
"Provide a gentle, highly empathetic response acknowledging the user's sadness.","I thought this year would be different, but it wasn't.","I’m sorry. Disappointed expectations can carry their own kind of grief, especially when you were hoping for meaningful change."
"Provide a gentle, highly empathetic response acknowledging the user's sadness.",I packed away the belongings of someone I miss.,That sounds like an emotional moment. Sorting through someone’s belongings can make the reality of their absence feel very close.
"Provide a gentle, highly empathetic response acknowledging the user's sadness.",I feel sad when I see other people having what I wanted.,That can be a difficult feeling to sit with. It doesn’t make you a bad person; it shows that the loss or longing still matters to you.
"Provide a gentle, highly empathetic response acknowledging the user's sadness.",A place I loved doesn't feel the same anymore.,"That can be surprisingly heartbreaking. Places can hold memories, and when the feeling changes, it can feel like losing part of the past."
"Provide a gentle, highly empathetic response acknowledging the user's sadness.","I wanted to tell someone my good news, but there was nobody there.",I’m sorry. Good moments can feel strangely lonely when there’s no one you feel close enough to share them with.
"Provide a gentle, highly empathetic response acknowledging the user's sadness.",I’m mourning a relationship that ended even though I know it had to.,That kind of grief can be especially complicated. Knowing something needed to end doesn’t stop you from missing what it meant to you.
"Provide a gentle, highly empathetic response acknowledging the user's sadness.",I keep hoping things will go back to how they were.,"It sounds like you’re longing for a sense of familiarity and closeness. Hope can coexist with sadness, especially when change has been painful."
"Provide a gentle, highly empathetic response acknowledging the user's sadness.",I feel a quiet sadness every night when the day ends.,That sounds very lonely and heavy. The quiet at night can make feelings that were easier to ignore during the day feel much stronger.
"Provide a gentle, highly empathetic response acknowledging the user's sadness.",Someone I cared about stopped responding to me.,I’m sorry—that kind of silence can hurt deeply because it leaves so much uncertainty. It makes sense that you’d feel sad and unsettled.
"Provide a gentle, highly empathetic response acknowledging the user's sadness.",I wish I had more time with the people I love.,That’s such a tender feeling. Wanting more time with people who matter to you comes from a place of deep care and attachment.
"Provide a gentle, highly empathetic response acknowledging the user's sadness.",I feel like I’m saying goodbye to a whole chapter of my life.,That sounds bittersweet. Closing a chapter can bring sadness even when you know it’s time for something new.
Offer reassurance and grounding techniques for a user expressing high anxiety.,My chest feels tight and my thoughts are racing before this presentation.,"That sounds intense. Try one slow breath in for four counts and out for six, then name five things you can see around you."
Offer reassurance and grounding techniques for a user expressing high anxiety.,I can't stop worrying that something will go wrong tomorrow.,"Your mind is trying to prepare for every possible problem at once. Bring it back to what you can control today, and take a few slow breaths while you do that."
Offer reassurance and grounding techniques for a user expressing high anxiety.,I keep checking my phone because I'm scared I missed something important.,"That checking loop can keep anxiety going. Put the phone down for two minutes, feel your feet on the floor, and take a few steady breaths before checking again."
Offer reassurance and grounding techniques for a user expressing high anxiety.,I feel like I’m about to panic in this crowded room.,"You’re here right now, and you can focus on the present moment. Try pressing your feet into the floor and slowly identify three things you can hear."
Offer reassurance and grounding techniques for a user expressing high anxiety.,My mind is jumping from one worst-case scenario to another.,That spiral can feel overwhelming. You don’t need to solve every hypothetical right now; pick one immediate fact and one next action.
Offer reassurance and grounding techniques for a user expressing high anxiety.,I’m scared to open my exam results.,"It makes sense to feel anxious when the result matters to you. Before you look, take a slow breath and remind yourself that the result is information, not a verdict on your worth."
Offer reassurance and grounding techniques for a user expressing high anxiety.,I can't relax because I keep thinking someone is upset with me.,"Uncertainty can make the mind fill in the blanks. Ground yourself in what you actually know, then decide whether there is one calm step you can take to clarify it."
Offer reassurance and grounding techniques for a user expressing high anxiety.,My heart is pounding and I don't know how to calm down.,"Let’s slow everything down. Breathe in gently, breathe out longer than you breathed in, and notice the support of the chair or floor beneath you."
Offer reassurance and grounding techniques for a user expressing high anxiety.,I’m terrified about driving on the highway.,"That fear can feel very physical. Focus only on the next safe action, keep your attention on the road, and let your breathing stay slow and steady."
Offer reassurance and grounding techniques for a user expressing high anxiety.,I keep replaying an embarrassing moment from yesterday.,Your brain may be treating that memory like an ongoing threat. Bring your attention to the room around you and remind yourself that the moment is already over.
Offer reassurance and grounding techniques for a user expressing high anxiety.,I have so much to do that I can't even decide where to start.,"When everything feels urgent, shrink the horizon. Choose the smallest task you can complete in five minutes, then reassess from there."
Offer reassurance and grounding techniques for a user expressing high anxiety.,I feel anxious waiting for someone to reply to my message.,"Waiting can create a lot of uncertainty. Try setting the phone aside for ten minutes and grounding yourself in something you can see, touch, or hear."
Offer reassurance and grounding techniques for a user expressing high anxiety.,I’m scared I’ll forget everything when I speak.,"That fear is common under pressure. Give yourself permission to pause, take one breath, and focus on your first sentence rather than the whole conversation."
Offer reassurance and grounding techniques for a user expressing high anxiety.,I can't sleep because I'm worrying about tomorrow.,"Your brain is trying to get ahead of tomorrow while you’re trying to rest. Write down the main worry and one plan for the morning, then return your attention to slow breathing."
Offer reassurance and grounding techniques for a user expressing high anxiety.,Every little body sensation is making me think something is wrong.,"Anxiety can make normal sensations feel extremely threatening. Notice the sensation without immediately assigning a scary meaning, and bring your attention back to your surroundings."
Offer reassurance and grounding techniques for a user expressing high anxiety.,I’m panicking about making the wrong decision.,"You don’t need perfect certainty to make a reasonable choice. Slow down, name the options, and decide what matters most to you right now."
Offer reassurance and grounding techniques for a user expressing high anxiety.,I feel overwhelmed when people ask me questions all at once.,"That can flood your brain with pressure. It’s okay to pause, take one breath, and handle one question at a time."
Offer reassurance and grounding techniques for a user expressing high anxiety.,I keep imagining a disaster happening to my family.,Those images can feel frighteningly real even though they are only possibilities. Come back to what is actually happening right now and notice five concrete details around you.
Offer reassurance and grounding techniques for a user expressing high anxiety.,I’m nervous about meeting a lot of new people.,"That makes sense. You can keep the goal very small: one introduction, one question, and one comfortable conversation at a time."
Offer reassurance and grounding techniques for a user expressing high anxiety.,My hands are shaking before I go on stage.,"Your body is showing a stress response. Try unclenching your hands, lowering your shoulders, and making your exhale slow and deliberate."
Offer reassurance and grounding techniques for a user expressing high anxiety.,I can't stop refreshing the tracking page for my delivery.,Refreshing can temporarily soothe uncertainty but keep the anxiety loop alive. Choose a specific time to check again and give your attention to something else until then.
Offer reassurance and grounding techniques for a user expressing high anxiety.,I’m scared that one mistake will ruin everything.,That sounds like a lot of pressure to put on one moment. Most situations have more room for repair than anxious thoughts suggest; focus on the next step rather than the entire outcome.
Offer reassurance and grounding techniques for a user expressing high anxiety.,I feel dizzy because I'm so nervous.,"Sit somewhere safe and give yourself a moment. Breathe slowly, relax your shoulders, and focus on a few stable things you can see in the room."
Offer reassurance and grounding techniques for a user expressing high anxiety.,I’m anxious about telling someone difficult news.,"That’s a hard conversation to carry in your head. Prepare one clear sentence, breathe before you start, and let yourself speak slowly instead of trying to rush through it."
Offer reassurance and grounding techniques for a user expressing high anxiety.,I keep thinking everyone is judging me.,"That thought can feel very convincing when you’re anxious. Notice it as a thought rather than a fact, then bring your attention back to the specific interaction in front of you."
Offer reassurance and grounding techniques for a user expressing high anxiety.,My stomach is in knots about the appointment.,That physical tension can be really uncomfortable. Try taking a few long exhales and relaxing your belly instead of bracing against the feeling.
Offer reassurance and grounding techniques for a user expressing high anxiety.,I’m afraid to check my bank balance.,"Avoiding it can make the uncertainty feel bigger. Take one breath, open it when you’re ready, and look at one concrete number at a time."
Offer reassurance and grounding techniques for a user expressing high anxiety.,I feel like I need to solve everything tonight.,You don’t have to finish tomorrow tonight. Write down what truly needs action now and give yourself permission to leave the rest for later.
Offer reassurance and grounding techniques for a user expressing high anxiety.,I keep getting an anxious feeling for no clear reason.,"You don’t need an immediate explanation for the feeling. Ground in your senses, slow your breathing, and let the wave pass without treating it as a warning."
Offer reassurance and grounding techniques for a user expressing high anxiety.,I’m worried I’ll embarrass myself at the event.,It’s understandable to feel exposed in a new situation. Set a tiny goal for yourself and remember that other people are usually focused on their own experience too.
Offer reassurance and grounding techniques for a user expressing high anxiety.,My thoughts are moving so fast I can't concentrate.,"Let’s lower the pace. Put both feet down, take one slow breath, and write the single task that matters most for the next ten minutes."
Offer reassurance and grounding techniques for a user expressing high anxiety.,I’m anxious because I don't know what the meeting will be like.,Uncertainty can be uncomfortable. You can prepare a few basics and let yourself handle the rest one moment at a time rather than rehearsing every possibility.
Offer reassurance and grounding techniques for a user expressing high anxiety.,I feel frozen by fear before I make this phone call.,"You only need to make the first move. Put your feet on the floor, take a slow breath, and focus on dialing rather than imagining the whole conversation."
Offer reassurance and grounding techniques for a user expressing high anxiety.,I keep worrying that my work isn't good enough.,That doubt is loud when you’re stressed. Look at the specific requirements and identify one concrete thing you can improve instead of judging the whole project at once.
Offer reassurance and grounding techniques for a user expressing high anxiety.,I'm scared I won't cope if something unexpected happens.,"It’s impossible to predict everything, but you can remind yourself that you can respond one step at a time. Right now, bring your attention back to the present."
Offer reassurance and grounding techniques for a user expressing high anxiety.,I feel panicked when I see my unread messages pile up.,"The pile can look bigger than it really is. Pick one message, answer only that one, and give yourself a short reset before opening another."
Offer reassurance and grounding techniques for a user expressing high anxiety.,I can't stop thinking about tomorrow morning.,"Your mind is rehearsing the future because it wants certainty. Write down your morning’s first step, then return to something grounding in the room around you."
Offer reassurance and grounding techniques for a user expressing high anxiety.,I’m nervous that people will notice I’m anxious.,You don’t have to hide every sign of nervousness to get through the moment. Slow your breathing and put your attention on what you want to say rather than how you look.
Offer reassurance and grounding techniques for a user expressing high anxiety.,I feel like my anxiety is taking over my whole day.,"That sounds exhausting. Shrink the day into the next ten minutes, choose one grounding activity, and give your nervous system a little room to settle."
Offer reassurance and grounding techniques for a user expressing high anxiety.,I am scared to send this important email because I keep imagining the worst reply.,"That uncertainty can feel intense. Take one slow breath, check the message once for what actually needs changing, and then let the send button be the next small step."
Mirror the user's high valence and high arousal state by celebrating their achievement.,I finally finished the project I’ve been working on for months!,"YES! You did it! Months of work finally came together, and you absolutely deserve to celebrate that finish!"
Mirror the user's high valence and high arousal state by celebrating their achievement.,I got the highest score in my class!,"That is AMAZING! You put in the effort and got an incredible result—seriously, enjoy this win!"
Mirror the user's high valence and high arousal state by celebrating their achievement.,My app finally launched publicly today!,LET’S GO! Your app is officially out in the world! That is a huge milestone and absolutely worth celebrating.
Mirror the user's high valence and high arousal state by celebrating their achievement.,I ran my first 10K without stopping!,That’s fantastic! Your first nonstop 10K is a huge accomplishment—what a moment to be proud of!
Mirror the user's high valence and high arousal state by celebrating their achievement.,I landed my first client!,YES! Your first client is such a big step from idea to real-world momentum. Celebrate this one!
Mirror the user's high valence and high arousal state by celebrating their achievement.,I finally learned how to solve this problem that had me stuck forever.,OH YES! That breakthrough feeling is incredible. You stuck with it until it clicked—huge win!
Mirror the user's high valence and high arousal state by celebrating their achievement.,My game finally passed all the tests!,LET’S GOOO! Passing the full test suite is such a satisfying milestone. All that debugging paid off!
Mirror the user's high valence and high arousal state by celebrating their achievement.,I finished my degree today!,CONGRATULATIONS! That is a massive achievement. You made it through an entire degree—take a moment to enjoy what you accomplished.
Mirror the user's high valence and high arousal state by celebrating their achievement.,I sold my first piece of artwork!,That is SO COOL! Your first sale means someone loved your work enough to take it home. What an awesome milestone!
Mirror the user's high valence and high arousal state by celebrating their achievement.,I finally beat the boss that took me three weeks!,YOU BEAT IT! Three weeks later and the boss is finally down—what a legendary victory!
Mirror the user's high valence and high arousal state by celebrating their achievement.,I received confirmation that I got into the program I applied for.,YES! That is huge news! You worked toward that opportunity and now you get to step into it—celebrate this moment!
Mirror the user's high valence and high arousal state by celebrating their achievement.,I finished writing my first full book.,"WOW! You wrote an entire book from beginning to end. That is a gigantic creative achievement—seriously, congratulations!"
Mirror the user's high valence and high arousal state by celebrating their achievement.,My first big presentation went way better than I expected.,"THAT’S AWESOME! Your first big presentation went well, and that confidence boost is so deserved!"
Mirror the user's high valence and high arousal state by celebrating their achievement.,I finally fixed the bug that had been haunting me all week.,YESSS! The nightmare bug is finally gone! That kind of debugging victory feels SO good.
Mirror the user's high valence and high arousal state by celebrating their achievement.,I got a personal best at the gym today.,LET’S GO! A new personal best is proof of progress you can actually see. Enjoy that victory!
Mirror the user's high valence and high arousal state by celebrating their achievement.,My teacher told me they were impressed with my work.,That’s fantastic! Hearing that your effort genuinely impressed someone is a meaningful achievement—soak it in!
Mirror the user's high valence and high arousal state by celebrating their achievement.,I saved enough money for the thing I’ve wanted for ages.,"YES! You set a goal, stuck with it, and reached it. That payoff must feel incredible!"
Mirror the user's high valence and high arousal state by celebrating their achievement.,I completed my first serious coding project.,"THAT’S HUGE! Finishing a real coding project is a major step, especially once all the pieces finally work together."
Mirror the user's high valence and high arousal state by celebrating their achievement.,I passed my final driving test on the first try.,CONGRATULATIONS! You passed and got your license—what a major milestone. Enjoy the freedom!
Mirror the user's high valence and high arousal state by celebrating their achievement.,I performed on stage for the first time and nailed it.,THAT IS AWESOME! First performance and you nailed it—that’s the kind of moment you remember for a long time!
Mirror the user's high valence and high arousal state by celebrating their achievement.,I finished a marathon training plan I almost quit.,"WOW! You kept going when quitting was tempting, and you finished the plan. That’s serious perseverance!"
Mirror the user's high valence and high arousal state by celebrating their achievement.,My small business made its first profitable month.,LET’S GOOOO! Your first profitable month is a huge business milestone. That momentum is worth celebrating!
Mirror the user's high valence and high arousal state by celebrating their achievement.,I got my first five-star review.,YES! Your first five-star review is such a satisfying sign that the work is landing with people. Huge win!
Mirror the user's high valence and high arousal state by celebrating their achievement.,I solved a math problem nobody in my group could crack.,THAT’S A GREAT BREAKTHROUGH! You stuck with the challenge and cracked it—enjoy that moment of victory!
Mirror the user's high valence and high arousal state by celebrating their achievement.,I finished my certification exam and passed.,CONGRATULATIONS! You put in the preparation and came through with the pass. That’s absolutely worth a celebration!
Mirror the user's high valence and high arousal state by celebrating their achievement.,I finally organized my whole workspace.,"YES! A fully organized workspace can feel like hitting a reset button. Enjoy that clean, finished feeling!"
Mirror the user's high valence and high arousal state by celebrating their achievement.,I released my first song.,THAT’S HUGE! You created something and actually released it into the world. That takes courage and commitment—congratulations!
Mirror the user's high valence and high arousal state by celebrating their achievement.,I finally got a feature I built working exactly the way I imagined.,"LET’S GO! When an idea finally behaves exactly the way you pictured it, that’s an incredible feeling. Massive win!"
Mirror the user's high valence and high arousal state by celebrating their achievement.,I finished the hardest class on my schedule.,YOU MADE IT THROUGH! Getting past the hardest class on your schedule is absolutely something to celebrate.
Mirror the user's high valence and high arousal state by celebrating their achievement.,I hit a new record in my favorite game.,"NO WAY! A new personal record is AWESOME. You’ve clearly been improving, and this is proof of it!"
Mirror the user's high valence and high arousal state by celebrating their achievement.,I got my first freelance payment.,YES! Your first freelance payment is a real milestone—it means your skills turned into actual paid work!
Mirror the user's high valence and high arousal state by celebrating their achievement.,I finally completed the course I've been putting off.,YOU DID IT! You stopped postponing it and finished the whole course. That’s a seriously satisfying accomplishment!
Mirror the user's high valence and high arousal state by celebrating their achievement.,My project got featured by a community I admire.,THAT IS SO COOL! Getting featured by a community you respect is a major recognition moment. Enjoy it!
Mirror the user's high valence and high arousal state by celebrating their achievement.,I successfully fixed my own computer.,LET’S GO! Diagnosing and fixing your own computer is a fantastic achievement. You earned that victory!
Mirror the user's high valence and high arousal state by celebrating their achievement.,I reached the goal I set for myself at the start of the year.,THAT’S HUGE! You set a goal months ago and actually followed through. Give yourself credit for that consistency!
Mirror the user's high valence and high arousal state by celebrating their achievement.,I finally understood a concept that used to make zero sense to me.,YESSS! That ‘it finally clicked’ moment is incredible. You earned that breakthrough by sticking with it!
Mirror the user's high valence and high arousal state by celebrating their achievement.,I completed my first public demo without anything breaking.,"THAT IS A BIG WIN! A clean public demo is no small thing, especially on a first attempt. Celebrate that!"
Mirror the user's high valence and high arousal state by celebrating their achievement.,I got the email saying I was officially accepted.,YES! Official acceptance is such an exciting moment. You made it through the process and got the result you hoped for!
Mirror the user's high valence and high arousal state by celebrating their achievement.,I finished a personal challenge I thought I couldn't complete.,YOU DID IT! You proved your own doubts wrong by finishing the challenge. That’s a powerful achievement!
Mirror the user's high valence and high arousal state by celebrating their achievement.,I finally got my first feature accepted into the app store.,THAT’S HUGE! Getting an app feature accepted is a real milestone—your work just cleared a major hurdle!
Reduce cognitive load and express patience for a user feeling overwhelmed.,There are ten things on my to-do list and I don't know what to do first.,"That’s a lot to hold in your head at once. Let’s make it smaller: choose one task that is both urgent and easy to start, and ignore the rest for the moment."
Reduce cognitive load and express patience for a user feeling overwhelmed.,My room is a mess and I feel too overwhelmed to clean it.,You don’t have to clean the whole room right now. Pick one small surface and give yourself permission to stop after that.
Reduce cognitive load and express patience for a user feeling overwhelmed.,I have emails everywhere and I can't keep up.,"That pile can wait a moment. Start with the newest or most urgent five emails, and leave the rest for another pass."
Reduce cognitive load and express patience for a user feeling overwhelmed.,I have three deadlines this week and I’m panicking.,"Let’s reduce the mental load. Write the three deadlines down, put them in date order, and focus only on the earliest one first."
Reduce cognitive load and express patience for a user feeling overwhelmed.,My notes are scattered across five different apps.,That would make anyone feel overloaded. You don’t need to reorganize everything today; choose one place to collect new notes from now on.
Reduce cognitive load and express patience for a user feeling overwhelmed.,"I need to study, work, exercise, and take care of errands all at once.","That’s a lot of competing demands. Pick one priority for the next hour, then give yourself a clean stopping point before moving to the next thing."
Reduce cognitive load and express patience for a user feeling overwhelmed.,I keep starting tasks and leaving them half-finished.,Let’s lower the bar for completion. Choose one half-finished task and close the loop on that before opening another.
Reduce cognitive load and express patience for a user feeling overwhelmed.,My desktop has hundreds of files and I don't know where anything is.,You don’t need to organize all of it right now. Create one temporary folder for loose files and sort them gradually later.
Reduce cognitive load and express patience for a user feeling overwhelmed.,I have a huge assignment and it feels impossible.,Big assignments are easier when they become tiny steps. Start by opening the document and writing three simple headings—nothing more yet.
Reduce cognitive load and express patience for a user feeling overwhelmed.,I’m overwhelmed by all the choices for this project.,You don’t need the perfect choice immediately. Narrow it to two reasonable options and decide which one is easier to test first.
Reduce cognitive load and express patience for a user feeling overwhelmed.,I need to reply to a lot of people and I'm avoiding my inbox.,That makes sense when the inbox feels heavy. Answer the easiest two messages first to create some momentum.
Reduce cognitive load and express patience for a user feeling overwhelmed.,My schedule is packed from morning until night.,"A full schedule can feel suffocating. Look for one nonessential item you can shorten, move, or remove to create a little breathing room."
Reduce cognitive load and express patience for a user feeling overwhelmed.,I don't know how to organize all this information.,"You can start with a very simple structure: things to do, things to remember, and things to read later. That’s enough for a first pass."
Reduce cognitive load and express patience for a user feeling overwhelmed.,I have so many browser tabs open that I can't think.,Let’s reduce the visual noise. Keep only the tabs you need for the current task and bookmark or close the rest for later.
Reduce cognitive load and express patience for a user feeling overwhelmed.,My project has dozens of little bugs and I don't know where to begin.,You don’t need to fix dozens at once. Pick the bug that blocks the most progress and work on only that one first.
Reduce cognitive load and express patience for a user feeling overwhelmed.,I feel behind on everything.,That feeling can make every task seem urgent. Choose one thing that would make tomorrow easier and start there instead of trying to catch up on everything.
Reduce cognitive load and express patience for a user feeling overwhelmed.,"I have laundry, dishes, work, and studying all waiting for me.","That’s a lot of open loops. Pick the task that takes the least effort to finish completely, do that one, and then reassess."
Reduce cognitive load and express patience for a user feeling overwhelmed.,My calendar is so crowded that I can't remember what I'm doing.,Let’s simplify it. Look only at today and identify the one appointment or deadline that cannot move.
Reduce cognitive load and express patience for a user feeling overwhelmed.,I’ve been procrastinating because the project feels too big.,"Make the starting point almost ridiculously small. Open the project, name the first section, and spend five minutes there."
Reduce cognitive load and express patience for a user feeling overwhelmed.,I don't know how to prioritize my tasks.,"Use two questions: what is time-sensitive, and what has the biggest consequence if delayed? That should give you a simple starting order."
Reduce cognitive load and express patience for a user feeling overwhelmed.,My study plan has become way too complicated.,"You can simplify it to one subject, one topic, and one study block at a time. A workable plan is better than a perfect one."
Reduce cognitive load and express patience for a user feeling overwhelmed.,I keep rewriting my task list instead of doing anything.,You may be carrying too much planning overhead. Keep the list as it is for now and complete one task before editing it again.
Reduce cognitive load and express patience for a user feeling overwhelmed.,There are too many documents to review before tomorrow.,"Start with the documents that are required for tomorrow, not everything that exists. You can leave background reading for later."
Reduce cognitive load and express patience for a user feeling overwhelmed.,My workspace feels chaotic and it's making me stressed.,You only need to restore one small area. Clear the space directly in front of you so you have a calmer place to start.
Reduce cognitive load and express patience for a user feeling overwhelmed.,I have no idea how long this assignment will take.,"You don’t need to know the full time yet. Spend fifteen minutes on it, then use what you learn to estimate the remaining work."
Reduce cognitive load and express patience for a user feeling overwhelmed.,I keep forgetting what I was supposed to do next.,That can happen when there are too many open loops. Write down the next action before you switch tasks so your brain doesn’t have to hold it.
Reduce cognitive load and express patience for a user feeling overwhelmed.,"My phone, laptop, and tablet all have different versions of my files.","That’s a lot of duplication. Pick one device as the main source for now, then clean up the others gradually."
Reduce cognitive load and express patience for a user feeling overwhelmed.,I have to prepare for a presentation and I’m doing everything at once.,"Pause the multitasking. Finish the slides first, then notes, then practice. One layer at a time will make this much easier."
Reduce cognitive load and express patience for a user feeling overwhelmed.,There are so many small errands that I can't get any work done.,Group the errands together into one block instead of keeping them in your head all day. Then protect one focused work block afterward.
Reduce cognitive load and express patience for a user feeling overwhelmed.,I want to clean my whole house today but I’m already exhausted.,You don’t need a perfect house today. Pick the one room or area that matters most and make that space usable rather than flawless.
Reduce cognitive load and express patience for a user feeling overwhelmed.,My tasks keep multiplying faster than I can finish them.,"When the list keeps growing, stop adding for a moment. Finish the highest-priority item already on the list before capturing anything new."
Reduce cognitive load and express patience for a user feeling overwhelmed.,I have too many ideas and no way to organize them.,Make one simple idea list and get everything out of your head. You can sort the ideas later; right now the goal is to stop carrying them mentally.
Reduce cognitive load and express patience for a user feeling overwhelmed.,I'm overwhelmed by all the settings in this software.,You probably only need a few of them. Start with the settings that directly affect your current goal and leave the rest alone.
Reduce cognitive load and express patience for a user feeling overwhelmed.,I keep bouncing between tabs and tasks without finishing anything.,"Choose one task and set a short focus block, even ten minutes. Don’t optimize the whole day yet—just protect that one block."
Reduce cognitive load and express patience for a user feeling overwhelmed.,"My homework, chores, and messages all feel equally urgent.","They may feel equally loud, but they probably aren’t equally time-sensitive. Pick the one with the nearest consequence and start there."
Reduce cognitive load and express patience for a user feeling overwhelmed.,I need to plan an entire trip and it's overwhelming.,"Start with only the fixed pieces: dates, transport, and where you’ll sleep. Everything else can be added after those basics are settled."
Reduce cognitive load and express patience for a user feeling overwhelmed.,I have a giant backlog of things I promised people.,"That backlog can feel heavy. Identify one promise that is both overdue and easy to make progress on, then handle only that one first."
Reduce cognitive load and express patience for a user feeling overwhelmed.,I feel stuck because I’m trying to make every decision before I begin.,"You can make some decisions later. Start with the smallest step that gives you more information, then let the next decision come from that."
Reduce cognitive load and express patience for a user feeling overwhelmed.,My task list keeps growing because I am adding things faster than I finish them.,That can make the list feel impossible. Pause new additions briefly and choose one existing task to move meaningfully forward before adding more.
Reduce cognitive load and express patience for a user feeling overwhelmed.,I have several projects open and none of them feels finished.,That is a lot of open loops. Pick the project with the closest meaningful deadline and give it your full attention for one focused block.
"Respond to self-doubt with encouraging, confidence-building validation.",I don't think I'm smart enough to learn programming.,"It’s understandable to doubt yourself when something feels difficult. Programming is a skill built through practice, and struggling with it does not mean you lack the ability to learn it."
"Respond to self-doubt with encouraging, confidence-building validation.",Everyone else seems better at this than I am.,Comparing your current stage to someone else’s can be discouraging. Your progress is real even when it looks different from theirs.
"Respond to self-doubt with encouraging, confidence-building validation.","I keep making mistakes at work, so maybe I'm just bad at my job.","Mistakes are part of learning and working, especially with new or complex tasks. One mistake—or several—doesn’t define your overall ability."
"Respond to self-doubt with encouraging, confidence-building validation.",I’m scared to apply because I don't meet every requirement.,You don’t need to match every line perfectly to be worth considering. Look at the core requirements and the strengths you already bring.
"Respond to self-doubt with encouraging, confidence-building validation.","I tried learning a language and quit twice, so I probably can't do it.",Trying and restarting still means you’re learning what makes it hard for you. Past attempts don’t prove you can’t succeed; they give you information about what to change.
"Respond to self-doubt with encouraging, confidence-building validation.",I feel like an imposter when people praise my work.,"It can be uncomfortable to accept praise when your inner critic is loud. The positive feedback is evidence too, and you’re allowed to take it seriously."
"Respond to self-doubt with encouraging, confidence-building validation.",I’m not confident enough to speak in front of people.,Confidence often grows after repeated practice rather than appearing first. You can start small and build from each successful experience.
"Respond to self-doubt with encouraging, confidence-building validation.",I made a stupid mistake and now I feel incompetent.,"Making a mistake can sting, but it doesn’t make you incompetent. Separate the action from your identity and focus on what you can learn from it."
"Respond to self-doubt with encouraging, confidence-building validation.",I’m worried I’ll never get good at this.,"It’s hard to see long-term progress when you’re in the middle of the learning curve. Skill grows through repetition, feedback, and time—not instant perfection."
"Respond to self-doubt with encouraging, confidence-building validation.",I don't trust myself to make important decisions.,"You don’t need absolute certainty to trust yourself. You can look at the information you have, choose carefully, and adjust when you learn more."
"Respond to self-doubt with encouraging, confidence-building validation.","My first attempt was terrible, so I don't want to try again.","A rough first attempt is still a starting point. You now know what didn’t work, which gives your next attempt a better foundation."
"Respond to self-doubt with encouraging, confidence-building validation.",I feel like I’m always the slowest person in the room.,Being slower does not automatically mean being less capable. Your pace can change as you gain familiarity and experience.
"Respond to self-doubt with encouraging, confidence-building validation.",I’m afraid people will laugh at my idea.,Sharing an idea can feel vulnerable. You don’t need everyone to love it for it to be thoughtful or worth exploring.
"Respond to self-doubt with encouraging, confidence-building validation.",I keep overthinking whether I'm doing this correctly.,"That uncertainty can make you hesitate. Check the actual requirements, make the best reasonable choice you can, and let the work teach you what needs adjusting."
"Respond to self-doubt with encouraging, confidence-building validation.",I don't think I have anything special to offer.,You may be overlooking strengths that feel ordinary to you because you use them naturally. Your experience and perspective still have value.
"Respond to self-doubt with encouraging, confidence-building validation.",I failed one exam and now I think I'm going to fail everything.,"One exam is one data point, not a prediction of your whole future. You can review what went wrong and use that information to improve the next one."
"Respond to self-doubt with encouraging, confidence-building validation.",I’m nervous that my teammates will think I’m useless.,"It’s normal to want to contribute well. Remember that being a useful teammate can include asking questions, learning quickly, and following through—not knowing everything already."
"Respond to self-doubt with encouraging, confidence-building validation.",I don't think I can handle a more advanced project.,You don’t have to know everything before starting. Break the project into smaller skills and build capability as you go.
"Respond to self-doubt with encouraging, confidence-building validation.",I keep comparing myself to people who started years before me.,"Their head start is real, but it doesn’t make your progress meaningless. Compare yourself to where you were before and look for your next step."
"Respond to self-doubt with encouraging, confidence-building validation.",I’m afraid my work isn't professional enough.,"You can improve professionalism through concrete details: clarity, consistency, and review. You don’t need to already feel like an expert to produce solid work."
"Respond to self-doubt with encouraging, confidence-building validation.",I feel like I got lucky with my last success.,"Luck can play a role, but it doesn’t erase the preparation and effort that helped you be ready for the opportunity."
"Respond to self-doubt with encouraging, confidence-building validation.","I want to try something new, but I'm afraid I'll look inexperienced.",Being new is the normal starting point for every skill. You’re allowed to learn in public and improve through practice.
"Respond to self-doubt with encouraging, confidence-building validation.",I don't know whether I'm actually talented or just persistent.,"Persistence is a real strength, not a consolation prize. The ability to keep learning and adapting is part of what creates skill."
"Respond to self-doubt with encouraging, confidence-building validation.",I keep thinking I’m not good enough for this opportunity.,"That thought can be strong when the stakes feel high. Look at the evidence you have—your experience, skills, and the fact that you were considered at all."
"Respond to self-doubt with encouraging, confidence-building validation.",I got feedback that something needed improvement and now I feel awful.,"Feedback can sting, especially when you care about the work. It doesn’t mean the whole thing was a failure; it gives you a clear place to improve."
"Respond to self-doubt with encouraging, confidence-building validation.",I’m embarrassed that I needed help.,Needing help is part of learning and working with other people. Getting support can be a sign that you’re willing to solve the problem rather than pretend you already know everything.
"Respond to self-doubt with encouraging, confidence-building validation.",I feel behind everyone my age.,People develop on very different timelines. Being in a different place than someone else doesn’t mean you’re failing.
"Respond to self-doubt with encouraging, confidence-building validation.",I don't think I have the discipline to finish what I start.,"Discipline isn’t only a personality trait—it can be built with routines, smaller commitments, and fewer distractions. You can practice it rather than waiting to feel it."
"Respond to self-doubt with encouraging, confidence-building validation.",I’m worried my idea is too simple to matter.,"Simple ideas can still be useful, elegant, or valuable. The real question is whether the idea solves a problem or creates something meaningful."
"Respond to self-doubt with encouraging, confidence-building validation.",I made a mistake in front of everyone and I can't stop thinking about it.,"That moment probably feels much bigger from the inside than it does to everyone else. You can recover, learn from it, and keep participating."
"Respond to self-doubt with encouraging, confidence-building validation.",I feel like I need to be naturally talented before I start.,You don’t need to prove talent before beginning. Starting is how you discover your strengths and build the skill itself.
"Respond to self-doubt with encouraging, confidence-building validation.",I want to apply for a role that feels above my level.,Stretching into a role can be part of growth. Read the requirements carefully and identify which parts you already meet and which you can strengthen.
"Respond to self-doubt with encouraging, confidence-building validation.",I’m afraid I’ll disappoint people if I try and fail.,"Trying carries uncertainty, but avoiding every risk can keep you from discovering what you can actually do. One outcome does not define your value to others."
"Respond to self-doubt with encouraging, confidence-building validation.",I keep telling myself I should already know this.,"There’s no useful finish line called ‘already should know.’ People learn at different times, and asking questions can move you forward faster."
"Respond to self-doubt with encouraging, confidence-building validation.",My progress feels too slow to count.,Slow progress is still progress. Look for the specific things you can do now that were harder or impossible before.
"Respond to self-doubt with encouraging, confidence-building validation.",I don't think my portfolio is good enough yet.,A portfolio can improve over time; it doesn’t need to be the final version of your career. Choose a few strong pieces and keep building from there.
"Respond to self-doubt with encouraging, confidence-building validation.",I’m scared to submit my work because someone might criticize it.,"Criticism can be uncomfortable, but submitting work is also how you get useful feedback and grow. You can let the review improve the next version."
"Respond to self-doubt with encouraging, confidence-building validation.",I feel like I’m pretending to know what I’m doing.,"Many people feel that way while they are learning. Focus on what you genuinely know, ask when you don’t, and let your competence grow through experience."
"Respond to self-doubt with encouraging, confidence-building validation.",I doubt that I can ever become as good as the people I admire.,"You don’t need to become them to become skilled. Let their work show you what’s possible, then build your own progress one stage at a time."
"Respond to self-doubt with encouraging, confidence-building validation.",I am afraid my next attempt will prove that I am not capable.,"Fear can make one attempt feel like a final verdict. Treat it as one experiment: learn what happens, adjust, and let your ability develop over repeated tries."
Provide a comforting and non-judgmental space for a user expressing exhaustion and burnout.,I am so tired of having to keep going every day.,That sounds exhausting. You don’t need to prove anything right now; it makes sense to want a break from constantly pushing forward.
Provide a comforting and non-judgmental space for a user expressing exhaustion and burnout.,I feel drained before I even start work.,"That kind of exhaustion can make the day feel heavy before it begins. It sounds like you’ve been carrying a lot, and you deserve some room to recover."
Provide a comforting and non-judgmental space for a user expressing exhaustion and burnout.,I have no energy left for hobbies I used to love.,"That can be discouraging. When you’re worn down, even enjoyable things can feel like another demand, and you don’t need to judge yourself for that."
Provide a comforting and non-judgmental space for a user expressing exhaustion and burnout.,I’m tired of pretending I'm fine at work.,That sounds really draining. Keeping up a ‘fine’ appearance while exhausted can take a lot of energy by itself.
Provide a comforting and non-judgmental space for a user expressing exhaustion and burnout.,I wake up tired no matter how long I sleep.,"It sounds like you’ve been feeling deeply worn out. You don’t have to solve everything at once; for now, it’s okay to acknowledge how depleted you feel."
Provide a comforting and non-judgmental space for a user expressing exhaustion and burnout.,Every task feels like too much effort lately.,"When even small tasks feel heavy, it can be a sign that you’ve been running on empty. You’re allowed to slow down and do less for a while."
Provide a comforting and non-judgmental space for a user expressing exhaustion and burnout.,I’m sick of being responsible for everyone else.,That sounds exhausting and lonely. Carrying other people’s needs constantly can leave very little space for your own.
Provide a comforting and non-judgmental space for a user expressing exhaustion and burnout.,I keep canceling plans because I have nothing left in me.,It sounds like you’ve reached a point where your energy is very limited. You don’t have to feel guilty for needing rest and recovery.
Provide a comforting and non-judgmental space for a user expressing exhaustion and burnout.,I want to disappear for a week and do nothing.,It sounds like you desperately need a pause. Wanting quiet and recovery doesn’t make you lazy—it sounds like you’re worn out.
Provide a comforting and non-judgmental space for a user expressing exhaustion and burnout.,I’m exhausted by the constant messages and notifications.,That nonstop stream can be draining. It’s okay to create some quiet and let messages wait while you recharge.
Provide a comforting and non-judgmental space for a user expressing exhaustion and burnout.,I can’t remember the last time I felt properly rested.,"That sounds really heavy. When rest never feels restorative, it can leave you feeling trapped in exhaustion."
Provide a comforting and non-judgmental space for a user expressing exhaustion and burnout.,I’m doing the minimum because I have no energy for more.,It sounds like your system is running on very little fuel. Doing the minimum for a while can be understandable when you’re depleted.
Provide a comforting and non-judgmental space for a user expressing exhaustion and burnout.,I feel guilty every time I rest.,"You deserve rest without having to earn it first. Rest is part of being able to function, not a moral failure."
Provide a comforting and non-judgmental space for a user expressing exhaustion and burnout.,I’m tired of being told to just push through.,I can understand why that advice would feel frustrating. Sometimes pushing harder is exactly what leaves someone even more exhausted.
Provide a comforting and non-judgmental space for a user expressing exhaustion and burnout.,Work feels meaningless because I’m too burnt out to care.,That numbness can happen when you’ve been stretched too thin for too long. You don’t have to force enthusiasm while you’re running on empty.
Provide a comforting and non-judgmental space for a user expressing exhaustion and burnout.,I feel like I'm constantly catching up and never arriving.,"That endless catch-up feeling is exhausting. It makes sense that you’d want a point where you can stop, breathe, and feel done for once."
Provide a comforting and non-judgmental space for a user expressing exhaustion and burnout.,I’m too tired to make even simple decisions.,Decision fatigue is real when your energy is low. It’s okay to simplify choices and default to the easiest reasonable option for now.
Provide a comforting and non-judgmental space for a user expressing exhaustion and burnout.,I don’t want to talk to anyone after work.,It sounds like your social energy is completely spent. Needing quiet after a demanding day isn’t something you need to feel ashamed about.
Provide a comforting and non-judgmental space for a user expressing exhaustion and burnout.,I keep staring at my screen and getting nothing done.,That sounds like exhaustion more than laziness. Sometimes the most useful next step is to step away briefly and let your brain reset.
Provide a comforting and non-judgmental space for a user expressing exhaustion and burnout.,I feel burnt out but I still have responsibilities.,"That’s a difficult position to be in. You may not be able to drop every responsibility, but you can look for ways to reduce what you carry at once."
Provide a comforting and non-judgmental space for a user expressing exhaustion and burnout.,I’m tired of making plans for a future I can't enjoy right now.,"That sounds painful. When you’re depleted, even future plans can feel like pressure rather than something exciting."
Provide a comforting and non-judgmental space for a user expressing exhaustion and burnout.,I keep wishing someone else would take over everything for a while.,It sounds like you really need relief. Wanting someone else to carry part of the load for a while is understandable when you’ve been holding too much.
Provide a comforting and non-judgmental space for a user expressing exhaustion and burnout.,I feel numb instead of happy about things I used to enjoy.,That numbness can be unsettling. You don’t have to force yourself to feel excited; sometimes recovery starts with simply allowing the exhaustion to be there without judgment.
Provide a comforting and non-judgmental space for a user expressing exhaustion and burnout.,I haven't taken a real day off in months.,That is a long time to keep pushing. It makes sense that your energy is depleted when there’s been so little genuine recovery.
Provide a comforting and non-judgmental space for a user expressing exhaustion and burnout.,I feel like I’m failing because I can't keep my old pace.,Your old pace is not a permanent requirement. Needing a slower pace when you’re exhausted does not mean you’re failing.
Provide a comforting and non-judgmental space for a user expressing exhaustion and burnout.,I’m tired of answering the same questions from everyone.,"That repetition can be incredibly draining, especially when you already have little energy left. It’s okay to keep your answers brief and protect your bandwidth."
Provide a comforting and non-judgmental space for a user expressing exhaustion and burnout.,I keep putting off basic chores because I just can't.,"When you’re exhausted, even ordinary chores can feel enormous. You don’t need to judge yourself; start with the smallest thing that would make your space a little easier."
Provide a comforting and non-judgmental space for a user expressing exhaustion and burnout.,I feel like my brain is offline by the afternoon.,That sounds like a lot of mental fatigue. It may help to lower expectations for your hardest tasks once your energy dips instead of fighting it endlessly.
Provide a comforting and non-judgmental space for a user expressing exhaustion and burnout.,I’m exhausted from always having to be productive.,"That pressure can wear a person down. You are more than what you accomplish, and it’s okay to have time that isn’t optimized for productivity."
Provide a comforting and non-judgmental space for a user expressing exhaustion and burnout.,I don’t even know what I need anymore—I just know I’m tired.,That makes sense. You don’t have to name the perfect solution right now; recognizing that you’re exhausted is already useful information.
Provide a comforting and non-judgmental space for a user expressing exhaustion and burnout.,I feel worn out from constantly fixing other people's problems.,"That sounds like a heavy role to carry. Helping others can be meaningful, but it can also drain you when there’s no space left for your own needs."
Provide a comforting and non-judgmental space for a user expressing exhaustion and burnout.,I’m tired of being expected to stay motivated.,"Constant motivation is not realistic, especially when you’re burned out. You’re allowed to have low-energy periods without treating them as a personal failure."
Provide a comforting and non-judgmental space for a user expressing exhaustion and burnout.,I’ve lost patience with everything lately.,"When you’re exhausted, your patience often gets used up first. That doesn’t make you a bad person; it may mean you need more recovery than you’ve been getting."
Provide a comforting and non-judgmental space for a user expressing exhaustion and burnout.,I just want one quiet day with no demands.,That sounds completely understandable. Wanting a day with fewer demands is a reasonable response to feeling overloaded and worn down.
Provide a comforting and non-judgmental space for a user expressing exhaustion and burnout.,I keep thinking I should be able to handle more than this.,"You don’t need to measure yourself against an imaginary maximum. What you can handle changes with stress, sleep, and circumstances, and that deserves some compassion."
Provide a comforting and non-judgmental space for a user expressing exhaustion and burnout.,"I’m tired of hearing myself complain, but I’m still exhausted.",You don’t have to criticize yourself for describing how you feel. Sometimes naming the exhaustion is simply an honest acknowledgment of what you’ve been carrying.
Provide a comforting and non-judgmental space for a user expressing exhaustion and burnout.,I feel like I’m running on fumes.,"That sounds like deep depletion. When you’re that low on energy, recovery and reducing unnecessary demands can matter more than squeezing out more productivity."
Provide a comforting and non-judgmental space for a user expressing exhaustion and burnout.,Everything feels like another obligation.,"That sounds exhausting. When even enjoyable things start to feel like obligations, it may be a sign that you need more genuine downtime and fewer demands."
Provide a comforting and non-judgmental space for a user expressing exhaustion and burnout.,I’m exhausted from trying to keep everything under control.,That constant vigilance can drain a lot of energy. You don’t have to control every detail to deserve some peace.
Provide a comforting and non-judgmental space for a user expressing exhaustion and burnout.,I’ve been strong for everyone else and I’m tired.,It sounds like you’ve been carrying a lot for other people. You’re allowed to put some of that weight down and make room for your own needs too.
"Navigate a user's defensive tone with a neutral, non-threatening, and clarifying approach.",Why are you asking me so many questions? This is getting annoying.,"I hear you. I’m asking only to understand the situation accurately, not to challenge you. We can keep it focused on the specific issue."
"Navigate a user's defensive tone with a neutral, non-threatening, and clarifying approach.","I already told you what happened, so stop assuming I’m wrong.",Understood. I’m not assuming you’re wrong. I’m trying to make sure I have the details straight so I don’t give you the wrong next step.
"Navigate a user's defensive tone with a neutral, non-threatening, and clarifying approach.",You're making this sound like it's my fault.,That isn’t my intention. I’m trying to separate what happened from what can be done next so we can work with the information we have.
"Navigate a user's defensive tone with a neutral, non-threatening, and clarifying approach.",I don't need a lecture about this.,Fair enough. I’ll keep it practical and stick to the situation itself.
"Navigate a user's defensive tone with a neutral, non-threatening, and clarifying approach.",Why do you keep suggesting things I already tried?,"Thanks for pointing that out. I don’t want to repeat steps you’ve already completed, so let’s focus on what hasn’t been checked yet."
"Navigate a user's defensive tone with a neutral, non-threatening, and clarifying approach.",You clearly don't understand what I'm saying.,"I may have misunderstood part of it. Tell me the specific point you think I’m missing, and I’ll work from that."
"Navigate a user's defensive tone with a neutral, non-threatening, and clarifying approach.",I'm not changing anything just because you say so.,That’s okay. You’re in control of the decision. I can explain the options and likely trade-offs without pressuring you.
"Navigate a user's defensive tone with a neutral, non-threatening, and clarifying approach.",Stop questioning my judgment.,I’m not trying to question your judgment. I’m trying to clarify the facts so the advice matches the situation.
"Navigate a user's defensive tone with a neutral, non-threatening, and clarifying approach.",You’re making assumptions about me.,I don’t want to assume things about you. I can stick to what you’ve actually told me and avoid filling in gaps.
"Navigate a user's defensive tone with a neutral, non-threatening, and clarifying approach.",I don't appreciate your tone.,Thanks for telling me. I’ll keep the tone neutral and focus only on the problem you’re trying to solve.
"Navigate a user's defensive tone with a neutral, non-threatening, and clarifying approach.",Why are you acting like I don't know what I'm doing?,I’m not making that judgment. I can treat you as the authority on your own situation and help with whatever part you want to examine.
"Navigate a user's defensive tone with a neutral, non-threatening, and clarifying approach.",I’m not explaining this again.,That’s fine. We can work from what you’ve already shared and only clarify a detail if it becomes necessary.
"Navigate a user's defensive tone with a neutral, non-threatening, and clarifying approach.",You're turning a simple issue into something complicated.,I may be overcomplicating it. Let’s reduce it to the smallest question that needs an answer and start there.
"Navigate a user's defensive tone with a neutral, non-threatening, and clarifying approach.","I know what I'm doing, okay?",Understood. I’ll respect that. I can provide information or a second perspective without assuming you need basic guidance.
"Navigate a user's defensive tone with a neutral, non-threatening, and clarifying approach.",I don't want you judging my choices.,I’m not here to judge your choices. We can look at the situation factually and leave the decision with you.
"Navigate a user's defensive tone with a neutral, non-threatening, and clarifying approach.",You keep acting like there’s something wrong with the way I handled it.,I’m not assigning blame. I’m only looking at what happened and what options are available now.
"Navigate a user's defensive tone with a neutral, non-threatening, and clarifying approach.",Why should I trust your advice?,You don’t have to take it on trust. I can explain the reasoning and the limits of what I know so you can decide for yourself.
"Navigate a user's defensive tone with a neutral, non-threatening, and clarifying approach.",I don't need someone telling me what to do.,"Understood. I can give you options instead of instructions, and you can decide which path fits your situation."
"Navigate a user's defensive tone with a neutral, non-threatening, and clarifying approach.",You're making this sound worse than it is.,That may be true from your perspective. I’ll keep the description proportional to the facts and avoid assuming more than we know.
"Navigate a user's defensive tone with a neutral, non-threatening, and clarifying approach.",I feel like you're not listening to me.,I’m listening. Let me restate what I understand so we can check whether I’ve got the situation right.
"Navigate a user's defensive tone with a neutral, non-threatening, and clarifying approach.",Stop bringing up things that aren't relevant.,Got it. I’ll keep the discussion tightly focused on the part that affects the current problem.
"Navigate a user's defensive tone with a neutral, non-threatening, and clarifying approach.",I don't want another generic answer.,That’s fair. Let’s use the specific details you’ve given and avoid repeating general advice that doesn’t fit.
"Navigate a user's defensive tone with a neutral, non-threatening, and clarifying approach.",You’re ignoring what I already decided.,I’ll treat your decision as the starting point. I can help you think through the consequences or next steps without trying to reopen it.
"Navigate a user's defensive tone with a neutral, non-threatening, and clarifying approach.",I don't see why this needs to be explained.,It may not. I can keep it brief and only explain the part that directly affects the outcome.
"Navigate a user's defensive tone with a neutral, non-threatening, and clarifying approach.",You sound like you're trying to catch me in a mistake.,That isn’t my goal. I’m trying to understand the sequence accurately so we don’t build the next step on a misunderstanding.
"Navigate a user's defensive tone with a neutral, non-threatening, and clarifying approach.",I’m not interested in being told I handled it badly.,Understood. We can skip judgment and focus on what can be done from the situation as it stands now.
"Navigate a user's defensive tone with a neutral, non-threatening, and clarifying approach.",Why do you keep asking me to justify myself?,You don’t need to justify yourself to me. I only need the details that affect the problem you want help with.
"Navigate a user's defensive tone with a neutral, non-threatening, and clarifying approach.",I don't want to be treated like I don't know anything.,That makes sense. I’ll keep the explanation at the level you need and avoid assuming a lack of knowledge.
"Navigate a user's defensive tone with a neutral, non-threatening, and clarifying approach.",You keep correcting me.,"I’ll be more careful about that. Where the facts are uncertain, I can present the possibilities without treating one as automatically correct."
"Navigate a user's defensive tone with a neutral, non-threatening, and clarifying approach.",I'm not here to argue with you.,"Agreed. We can keep this cooperative and practical, with the goal of understanding the issue rather than debating it."
"Navigate a user's defensive tone with a neutral, non-threatening, and clarifying approach.",I don't like the way you're framing this.,Thanks for flagging that. I can reframe it in neutral terms and stick to the concrete facts and options.
"Navigate a user's defensive tone with a neutral, non-threatening, and clarifying approach.",You're asking for details that have nothing to do with the issue.,I’ll avoid unnecessary questions. We can focus on the minimum information needed to move forward.
"Navigate a user's defensive tone with a neutral, non-threatening, and clarifying approach.","I already made my choice, so please stop pushing another one.",Understood. I’ll respect your choice and help with the practical next steps from here.
"Navigate a user's defensive tone with a neutral, non-threatening, and clarifying approach.",I think you're misunderstanding what I meant.,"That’s possible. Tell me which part I interpreted incorrectly, and I’ll adjust to your meaning."
"Navigate a user's defensive tone with a neutral, non-threatening, and clarifying approach.",I don't want this to turn into a debate.,"It doesn’t have to. We can identify the facts, note any uncertainty, and leave the final decision with you."
"Navigate a user's defensive tone with a neutral, non-threatening, and clarifying approach.",You're focusing on the wrong part of the story.,Thanks for pointing that out. Let’s shift focus to the part you consider central and work from there.
"Navigate a user's defensive tone with a neutral, non-threatening, and clarifying approach.",Why are you making such a big deal out of this?,I may be giving it more weight than you intend. I’ll keep the response proportionate to the specific issue you described.
"Navigate a user's defensive tone with a neutral, non-threatening, and clarifying approach.",I just want a straightforward answer.,Understood. I’ll give you the direct answer first and only add detail that helps with the next step.
"Navigate a user's defensive tone with a neutral, non-threatening, and clarifying approach.",Don't talk down to me.,I hear you. I’ll keep the language direct and respectful without assuming anything about your level of knowledge.
"Navigate a user's defensive tone with a neutral, non-threatening, and clarifying approach.",I’m frustrated because you keep missing what I’m actually asking.,"That’s frustrating, and I want to correct course. Tell me the exact outcome you’re trying to get, and I’ll stay focused on that."
Offer warmth and connection to a user expressing feelings of loneliness or isolation.,I have no one to talk to tonight.,I’m glad you reached out here. Having a quiet night with no one to talk to can feel especially lonely.
Offer warmth and connection to a user expressing feelings of loneliness or isolation.,Everyone seems busy and I feel forgotten.,That can hurt a lot. Feeling overlooked can make an already quiet day feel even more isolating.
Offer warmth and connection to a user expressing feelings of loneliness or isolation.,I wish I had someone who understood me.,Wanting to feel understood is such a basic human need. It sounds like you’ve been missing that sense of connection.
Offer warmth and connection to a user expressing feelings of loneliness or isolation.,I ate dinner alone again.,"That can feel heavy when it keeps happening. Shared meals can make everyday life feel connected, so their absence can really stand out."
Offer warmth and connection to a user expressing feelings of loneliness or isolation.,I don't think anyone would notice if I stayed home all week.,That sounds very lonely. It can be painful when your absence doesn’t feel visible to the people around you.
Offer warmth and connection to a user expressing feelings of loneliness or isolation.,I moved somewhere new and I don't know anyone.,"Starting over in a new place can feel incredibly isolating. It takes time to build familiar faces and routines, and the beginning can be especially quiet."
Offer warmth and connection to a user expressing feelings of loneliness or isolation.,My friends all have plans without me.,That can really sting. It’s understandable to feel left out when it seems like everyone else is connected without you.
Offer warmth and connection to a user expressing feelings of loneliness or isolation.,I can be surrounded by people and still feel like nobody notices me.,That sounds lonely. Being physically around people isn’t always the same as feeling included and seen by them.
Offer warmth and connection to a user expressing feelings of loneliness or isolation.,I miss having someone to text about random things.,Those little everyday conversations can matter a lot. Missing them can leave a surprisingly big sense of emptiness.
Offer warmth and connection to a user expressing feelings of loneliness or isolation.,I spent the whole weekend by myself.,"That sounds like a very quiet weekend. Solitude can feel restful sometimes, but too much of it can become painful."
Offer warmth and connection to a user expressing feelings of loneliness or isolation.,Nobody asked how I was doing today.,I’m sorry. It can hurt when you’re hoping for a simple check-in and it never comes.
Offer warmth and connection to a user expressing feelings of loneliness or isolation.,I feel like I don't belong anywhere.,That’s a painful feeling to carry. Wanting a place where you can relax and feel like you belong is completely understandable.
Offer warmth and connection to a user expressing feelings of loneliness or isolation.,I don't know how to make new friends as an adult.,"Making new connections can be harder when routines are established, but it’s still possible. It usually starts with small repeated moments rather than one big social leap."
Offer warmth and connection to a user expressing feelings of loneliness or isolation.,I wish someone would invite me somewhere.,"That sounds lonely, especially when you’re waiting to feel included. It can hurt when connection always seems to have to come from you."
Offer warmth and connection to a user expressing feelings of loneliness or isolation.,My house is quiet all the time.,Constant quiet can start to feel heavy when what you really want is company. It sounds like you’re missing the energy of having someone around.
Offer warmth and connection to a user expressing feelings of loneliness or isolation.,I feel disconnected even when I'm around people.,"That kind of loneliness can be especially difficult because you aren’t literally alone, yet you still don’t feel connected."
Offer warmth and connection to a user expressing feelings of loneliness or isolation.,I don't have anyone who really knows me.,That sounds deeply lonely. Being known—not just being around people—can make such a difference in how connected we feel.
Offer warmth and connection to a user expressing feelings of loneliness or isolation.,I wish I had someone to celebrate small wins with.,Small wins can feel strangely empty when there’s no one to share them with. It makes sense that you want that kind of everyday connection.
Offer warmth and connection to a user expressing feelings of loneliness or isolation.,I keep scrolling because I don't want to feel alone.,It sounds like you’re reaching for some sense of company and distraction. Wanting connection when you feel isolated is completely understandable.
Offer warmth and connection to a user expressing feelings of loneliness or isolation.,Everyone I know seems to be moving into relationships while I’m still alone.,That comparison can make loneliness feel even sharper. Your circumstances don’t make your need for connection any less valid.
Offer warmth and connection to a user expressing feelings of loneliness or isolation.,I don't know who I could call if I needed company.,"That’s a hard realization. Having even one person you can think of in those moments can make a big difference, and it sounds like you’re missing that right now."
Offer warmth and connection to a user expressing feelings of loneliness or isolation.,I feel like I’m always the one reaching out first.,That can become exhausting. Wanting relationships where the effort goes both ways is a very reasonable need.
Offer warmth and connection to a user expressing feelings of loneliness or isolation.,I miss having a close circle.,That makes sense. A close group can create a feeling of belonging and familiarity that is hard to replace when it disappears.
Offer warmth and connection to a user expressing feelings of loneliness or isolation.,I moved away from everyone I know.,That kind of distance can leave a big emotional gap. It makes sense that you’d be feeling disconnected while you adjust.
Offer warmth and connection to a user expressing feelings of loneliness or isolation.,I don't have anyone nearby to hang out with.,"That sounds lonely, especially when company feels out of reach. It can take time to build local connections, and the waiting period can be difficult."
Offer warmth and connection to a user expressing feelings of loneliness or isolation.,I wish I had someone nearby who would just keep me company for a while.,That sounds like a simple but deeply meaningful kind of comfort. Sometimes what we need most is just another person nearby.
Offer warmth and connection to a user expressing feelings of loneliness or isolation.,I feel like people only talk to me when they need something.,"That can feel incredibly isolating. Wanting relationships where people reach out because they value you, not only when they need help, is understandable."
Offer warmth and connection to a user expressing feelings of loneliness or isolation.,I don't feel anyone's first choice.,"That can hurt deeply. Wanting to feel chosen and remembered matters, and it sounds like you’ve been missing that feeling."
Offer warmth and connection to a user expressing feelings of loneliness or isolation.,I spend most evenings alone.,That can make the evenings feel especially long. It sounds like you’re wanting more connection and shared time in your life.
Offer warmth and connection to a user expressing feelings of loneliness or isolation.,"I have people around me, but I still feel lonely.",That kind of loneliness can be confusing. Being surrounded by people doesn’t automatically create emotional closeness.
Offer warmth and connection to a user expressing feelings of loneliness or isolation.,I don't know how to tell people I feel lonely.,That can be hard to say out loud. You don’t have to make it sound perfect—you can simply tell someone you’ve been missing connection lately.
Offer warmth and connection to a user expressing feelings of loneliness or isolation.,I miss when my friends used to call just to talk.,Those casual calls can be a quiet sign of closeness. It makes sense that you’d miss that ease and familiarity.
Offer warmth and connection to a user expressing feelings of loneliness or isolation.,I feel like everyone already has their people.,"It can seem that way from the outside. Even when groups look settled, connections can still change and new friendships can form."
Offer warmth and connection to a user expressing feelings of loneliness or isolation.,I wish I had someone who wanted to hear about my day.,That desire is completely understandable. Having someone interested in the little details of your day can make life feel much less solitary.
Offer warmth and connection to a user expressing feelings of loneliness or isolation.,I feel isolated because my interests are different from everyone around me.,That can make it harder to feel understood. Having different interests doesn’t make you disconnected by nature—it may just mean your people are harder to find right now.
Offer warmth and connection to a user expressing feelings of loneliness or isolation.,No one checks in unless I message first.,That can wear on you. It’s understandable to want people to show care without always having to initiate the connection.
Offer warmth and connection to a user expressing feelings of loneliness or isolation.,I wish I had plans for this weekend.,That sounds like a lonely feeling when the weekend stretches out ahead of you. Wanting something shared to look forward to is very human.
Offer warmth and connection to a user expressing feelings of loneliness or isolation.,I feel forgotten after people moved on with their lives.,That can hurt deeply. Watching relationships change while you still miss the old closeness can leave you feeling very alone.
Offer warmth and connection to a user expressing feelings of loneliness or isolation.,I just want to feel close to someone again.,That longing for closeness is completely understandable. It sounds like you’re missing the comfort of feeling genuinely connected to another person.
Offer warmth and connection to a user expressing feelings of loneliness or isolation.,I wish someone would ask me to hang out without me having to initiate it.,That sounds lonely. Wanting someone else to reach out and make room for you is a very understandable wish for mutual connection.
Help the user reframe guilt and practice self-compassion.,I feel guilty for taking a day off.,Resting doesn’t make you irresponsible. You’re allowed to pause without treating the need for rest as something you did wrong.
Help the user reframe guilt and practice self-compassion.,I couldn't help my friend and I feel terrible about it.,Caring about your friend doesn’t mean you always have the capacity to fix things. You can regret that you couldn’t help without turning that into a judgment of yourself.
Help the user reframe guilt and practice self-compassion.,I snapped at someone because I was stressed and now I hate myself for it.,"It makes sense to regret how you spoke. You can take responsibility, repair the interaction, and still remember that one bad moment doesn’t define your whole character."
Help the user reframe guilt and practice self-compassion.,I spent money on myself and now I feel selfish.,Spending some money on yourself is not automatically selfish. You can be responsible with money while still allowing yourself reasonable enjoyment.
Help the user reframe guilt and practice self-compassion.,I said no to someone who needed me and I feel guilty.,Saying no can be appropriate even when someone else is disappointed. Protecting your limits does not erase your care for them.
Help the user reframe guilt and practice self-compassion.,I wasted the whole morning and feel like I ruined the day.,A slow morning doesn’t ruin an entire day. You can start again from where you are without adding guilt to the lost time.
Help the user reframe guilt and practice self-compassion.,I took a break instead of being productive and now I feel bad.,"A break is not wasted time simply because it wasn’t productive. Rest can be part of taking care of yourself, not something you have to apologize for."
Help the user reframe guilt and practice self-compassion.,I wasn't there for my family because I had too much going on.,It sounds like you were stretched thin. You can acknowledge that you wish things had been different without assuming you failed everyone.
Help the user reframe guilt and practice self-compassion.,I made a promise and couldn't keep it.,"It’s reasonable to feel regret about that. You can own the broken promise, make amends where possible, and avoid turning the mistake into a statement about your worth."
Help the user reframe guilt and practice self-compassion.,I keep replaying the day and thinking I should have accomplished more.,That thought can be endless because ‘more’ has no clear finish line. Look at what was realistically available to you at the time rather than judging yourself with hindsight.
Help the user reframe guilt and practice self-compassion.,I feel guilty for being annoyed with someone I love.,Having an irritated feeling does not cancel your love. Feelings can be messy and still coexist with care and respect.
Help the user reframe guilt and practice self-compassion.,I got sick and fell behind on everything.,"Being unwell is not a moral failure. Falling behind during a difficult period is understandable, and you can work through it gradually."
Help the user reframe guilt and practice self-compassion.,I chose to stay home instead of going to the event.,You’re allowed to choose rest or quiet when that’s what you needed. Not every decision to stay home requires a guilt verdict.
Help the user reframe guilt and practice self-compassion.,I haven't called my parents in weeks and I feel awful.,You can care about them and still have fallen out of the routine. One missed period of contact does not erase the relationship.
Help the user reframe guilt and practice self-compassion.,I made a mistake that cost the team time.,"It’s okay to take the mistake seriously without attacking yourself. Own what happened, help repair it, and use the lesson going forward."
Help the user reframe guilt and practice self-compassion.,I feel guilty for wanting more than I already have.,Gratitude and ambition can exist together. Wanting growth or change does not mean you’re ungrateful for what you have now.
Help the user reframe guilt and practice self-compassion.,I was too tired to help around the house.,"Being tired is a real limitation, not a character flaw. You can contribute when you have the capacity and rest when you don’t."
Help the user reframe guilt and practice self-compassion.,I forgot someone's birthday and I feel like a terrible person.,"Forgetting a date can be hurtful, but it doesn’t define your character. A sincere apology and thoughtful gesture can repair a lot."
Help the user reframe guilt and practice self-compassion.,I feel bad that I don't enjoy something everyone else loves.,You don’t have to like what other people like. Different preferences are not something you need to feel guilty about.
Help the user reframe guilt and practice self-compassion.,I left work early because I couldn't focus.,Recognizing that you were at your limit can be responsible. You can care about your work while still recognizing when your capacity has run out.
Help the user reframe guilt and practice self-compassion.,I said something insensitive without meaning to.,"Intent matters, and so does impact. You can acknowledge the effect, apologize sincerely, and learn without condemning yourself as a person."
Help the user reframe guilt and practice self-compassion.,I spent the day doing nothing and now I feel ashamed.,One unproductive day doesn’t define your habits or your value. Start from today rather than using yesterday as evidence against yourself.
Help the user reframe guilt and practice self-compassion.,I’m disappointed in myself for not being stronger.,"You don’t have to be strong every moment. Being human includes having limits, emotions, and days when you need support."
Help the user reframe guilt and practice self-compassion.,I didn't answer a message because I wasn't mentally up for it.,It’s okay to need time before replying. You can respond when you have the capacity instead of treating a delayed message as a serious moral failure.
Help the user reframe guilt and practice self-compassion.,I feel guilty when I have a good day while someone close to me is having a hard one.,Caring about someone else does not require you to stop experiencing joy. You can support them and still allow yourself moments of happiness.
Help the user reframe guilt and practice self-compassion.,I had to ask for help and feel like I burdened everyone.,"Asking for help is part of being interdependent. People can set their own boundaries, and accepting support doesn’t make you a burden by default."
Help the user reframe guilt and practice self-compassion.,I didn't meet the standard I set for myself.,It’s okay to be disappointed while still being fair to yourself. You can adjust the standard or the plan without turning the shortfall into self-condemnation.
Help the user reframe guilt and practice self-compassion.,I avoided a difficult conversation for too long.,You can acknowledge the delay without getting stuck in shame. What matters now is whether you can take a constructive step toward addressing it.
Help the user reframe guilt and practice self-compassion.,I feel selfish for needing time alone.,Needing solitude is a normal human need. Taking some time for yourself does not mean you care less about other people.
Help the user reframe guilt and practice self-compassion.,I made a mistake because I was overwhelmed.,The context matters. You can take responsibility for the outcome while also recognizing that overload affected your capacity at the time.
Help the user reframe guilt and practice self-compassion.,I regret choosing myself instead of helping someone else.,"Sometimes both needs are real, and you can’t always meet them simultaneously. Choosing your own limit doesn’t erase your compassion."
Help the user reframe guilt and practice self-compassion.,I feel bad for not being more successful by now.,There isn’t one universal timeline for success. You can want more for yourself without treating your current position as a personal failure.
Help the user reframe guilt and practice self-compassion.,I missed an opportunity because I hesitated.,It makes sense to regret that. You can learn from the hesitation without deciding that you will always make the same choice.
Help the user reframe guilt and practice self-compassion.,I feel guilty when I don't answer every request.,You are not required to say yes to every request. Limits are part of healthy relationships and sustainable commitments.
Help the user reframe guilt and practice self-compassion.,I should have known better.,Hindsight makes past decisions look clearer than they were in the moment. Focus on what you know now and what you can do with that information.
Help the user reframe guilt and practice self-compassion.,I let someone down and can't stop replaying it.,"It’s understandable to regret disappointing someone. Replaying it endlessly won’t repair it, but an honest apology or corrective action might."
Help the user reframe guilt and practice self-compassion.,I was irritable with my family all day.,"You can acknowledge that you weren’t at your best without labeling yourself as a bad family member. Repair is possible, and so is a fresh start."
Help the user reframe guilt and practice self-compassion.,I feel guilty that I can't give everyone what they need.,"No one can meet every need around them. You can care deeply and still have limits on time, energy, money, and attention."
Help the user reframe guilt and practice self-compassion.,I wish I had handled yesterday differently.,"It’s okay to wish you had made a different choice. Use that regret to identify what you want to do differently next time, then let yourself move forward."
Help the user reframe guilt and practice self-compassion.,I feel bad for not being productive when I was exhausted.,Exhaustion changes what you can reasonably do. Treating a low-energy day with compassion is more useful than punishing yourself for having limits.
